的,1397619
年,444330
在,416279
一,394184
中,378178
是,349483
有,307103
人,299494
大,291099
和,257552
以,226496
為,213330
国,208257
了,204468
不,190224
國,187552
为,183915
成,178009
地,174970
日,168487
上,161407
之,158861
月,157034
a,155591
e,154331
他,146606
出,140850
主,139906
其,137812
行,135859
用,133671
o,129505
而,128670
生,128280
民,127205
分,126735
作,126409
到,125637
部,125483
於,124810
法,121223
r,119661
家,118865
i,118216
方,115140
多,115126
政,114259
n,114049
学,113229
公,112499
同,109467
及,108866
斯,107709
可,106985
文,106275
被,105183
時,105117
後,104696
自,104163
于,103659
名,103088
子,102911
也,102592
由,102291
會,99578
等,98271
下,96535
要,96434
西,96305
最,96006
代,95722
第,95681
本,95427
南,93430
所,93341
學,93062
个,92949
t,92002
后,90015
l,89986
因,89480
與,88354
市,87326
此,87103
高,86501
立,84695
能,84576
定,84286
时,83773
北,83532
位,83522
新,83344
世,83259
前,82218
理,81596
化,81390
三,80439
物,79528
教,79308
s,78157
得,77286
但,77121
会,76782
外,76186
使,76013
個,76002
加,75964
建,75578
特,75204
期,75181
海,72796
全,72782
合,72367
度,71855
美,71470
性,71277
事,70811
發,70691
都,70469
者,70367
至,70162
通,70122
德,69838
天,69836
利,69797
山,69135
重,69077
工,68892
入,68832
任,68715
共,68510
二,67307
表,67261
面,66579
力,66243
相,65799
如,65574
发,65123
十,64472
道,64193
这,63942
次,63258
u,63232
來,62475
平,62334
h,61864
区,61689
制,61634
克,61448
式,61109
原,60704
對,60540
m,60395
小,59894
对,58532
量,58505
元,58434
王,58332
這,58119
里,57739
或,57669
军,57260
軍,57090
与,56981
明,56600
基,56353
並,55557
常,54476
来,54378
系,54264
州,53809
府,53540
治,53340
路,52834
拉,52800
就,52548
然,52478
正,52171
城,51536
台,51499
金,51461
區,51320
水,50882
院,50726
英,50636
起,50333
安,50274
c,49913
比,49880
些,49222
經,48652
提,48381
尔,48326
科,48156
改,48051
動,48028
开,47326
并,47160
四,46632
開,46308
界,46170
港,45945
當,45889
意,45725
過,45380
士,45360
A,45304
长,45055
经,45016
d,44895
現,44843
長,44463
东,44271
形,44163
S,44064
口,43915
程,43733
始,43507
接,42889
影,42712
向,42690
受,42670
電,42496
动,42130
数,41701
C,41685
族,41551
稱,41456
心,41311
过,41304
各,41273
戰,41194
史,40845
包,40692
布,40688
已,40421
間,40382
音,40364
现,40347
朝,40303
格,40274
反,40165
體,40079
内,40064
司,39688
目,39653
指,39644
太,39636
古,39467
內,39346
球,39341
交,39329
數,39304
將,39261
字,39190
展,39125
流,38982
首,38613
直,38328
林,38241
進,37839
機,37781
体,37728
进,37591
保,37572
更,37564
社,37464
尼,37429
東,36967
列,36811
称,36606
星,36417
战,35881
机,35866
色,35862
校,35848
种,35790
f,35710
爾,35598
持,35558
著,35284
阿,35282
间,35110
业,34924
命,34922
帝,34871
M,34820
空,34760
河,34460
統,34287
巴,34282
省,34247
品,34155
員,34131
集,34082
信,34011
種,33971
女,33800
五,33683
少,33579
江,33556
它,33504
香,33440
语,33364
P,33352
非,33287
将,33151
解,33108
即,32950
产,32774
管,32737
曾,32634
造,32273
只,32251
统,32229
兩,32195
言,32140
取,31923
官,31785
当,31599
業,31569
清,31401
演,31368
手,31342
神,31049
支,31045
电,30865
件,30776
米,30701
亚,30678
語,30642
灣,30640
亞,30485
员,30463
委,30452
型,30447
研,30245
則,30240
又,30207
京,30137
商,30081
近,29944
身,29872
關,29704
回,29655
義,29481
洲,29462
示,29399
情,29352
光,29247
g,29173
T,29066
活,29058
很,29020
武,28908
两,28895
括,28793
果,28739
馬,28719
宗,28620
場,28540
今,28422
设,28396
p,28223
B,28148
先,28065
派,28041
从,28040
马,27859
义,27856
县,27617
放,27602
I,27545
究,27443
D,27442
產,27436
们,27418
石,27413
总,27395
華,27333
無,27281
設,27182
器,27174
且,26957
实,26835
关,26698
議,26609
例,26591
土,26199
約,26115
联,26058
去,26056
白,26026
說,25952
總,25921
實,25745
聯,25703
們,25414
夫,25398
除,25366
認,25254
收,25249
波,25145
亦,25115
y,24965
李,24926
版,24785
從,24738
初,24583
皇,24580
罗,24556
再,24539
傳,24444
兵,24428
達,24414
达,24321
根,24197
選,24179
往,24156
存,24143
普,23986
华,23899
令,23859
源,23780
知,23765
黨,23669
局,23663
未,23651
说,23612
居,23605
完,23593
六,23516
每,23495
權,23472
計,23382
具,23306
组,23270
引,23236
羅,23235
率,23192
運,23104
周,23096
卡,22987
育,22929
另,22822
计,22736
推,22714
书,22696
求,22510
运,22481
隊,22372
我,22349
結,22337
增,22147
万,22091
死,22065
还,22015
宣,21928
功,21859
車,21804
站,21752
應,21661
速,21649
書,21566
角,21556
约,21480
早,21406
線,21399
广,21363
E,21342
传,21279
類,21266
變,21234
好,21191
伊,21179
組,21178
八,21135
革,21095
N,21083
b,21055
論,21035
域,21005
议,20969
希,20914
越,20904
类,20902
队,20777
服,20768
致,20632
視,20606
R,20575
威,20560
片,20426
结,20352
均,20291
k,20230
航,20223
己,20204
G,20196
號,20187
臺,20186
攻,20184
党,20168
央,20158
线,20155
点,20114
无,20104
素,20100
蘭,20096
领,20070
百,20050
场,20035
段,19953
福,19939
认,19921
整,19845
属,19758
修,19748
容,19673
務,19663
L,19594
技,19584
应,19548
樂,19435
曲,19388
境,19347
打,19242
想,19236
那,19117
九,19070
级,19068
她,18912
密,18905
領,18894
門,18845
易,18838
仍,18809
失,18782
论,18781
苏,18769
置,18755
兰,18753
故,18751
务,18733
号,18691
歌,18619
象,18595
母,18584
超,18551
权,18537
需,18517
才,18500
火,18481
思,18438
何,18419
半,18401
F,18366
印,18356
z,18222
据,18158
該,18154
萬,18125
張,18122
供,18114
案,18105
变,18084
算,18070
投,18037
廣,18002
则,17963
群,17953
考,17944
模,17909
病,17819
把,17780
別,17745
汉,17697
處,17646
处,17610
資,17549
导,17516
伯,17402
導,17396
历,17389
着,17373
律,17344
射,17340
纪,17329
便,17269
客,17236
H,17217
花,17180
沒,17173
屬,17144
紀,17138
份,17132
O,17125
哈,17067
像,16809
低,16787
七,16739
佛,16718
w,16695
术,16689
湖,16684
點,16661
门,16641
播,16585
占,16569
席,16560
步,16552
料,16544
舉,16521
查,16490
批,16453
還,16362
較,16299
助,16188
質,16172
沙,16068
島,16056
真,16043
该,16029
感,16006
賽,15985
許,15966
老,15964
济,15912
典,15901
排,15898
告,15890
限,15821
足,15774
參,15704
食,15675
精,15626
際,15625
止,15612
氣,15602
维,15596
念,15587
據,15561
盟,15481
維,15441
縣,15434
承,15421
青,15409
落,15354
阳,15286
術,15283
选,15265
團,15247
值,15245
看,15227
别,15220
记,15206
游,15175
车,15156
帶,15127
般,15121
降,15095
做,15070
气,15026
抗,14981
没,14970
漢,14963
依,14957
景,14949
住,14890
施,14863
v,14845
志,14840
座,14840
参,14837
吉,14800
田,14777
移,14774
決,14743
獲,14740
留,14711
報,14690
图,14689
擊,14667
爭,14600
季,14600
單,14600
深,14557
团,14556
勒,14546
父,14526
际,14525
构,14521
质,14513
争,14508
必,14471
乐,14459
唐,14422
条,14416
千,14416
條,14358
核,14334
效,14325
觀,14281
俄,14262
見,14250
述,14242
記,14234
洛,14146
博,14140
黑,14097
強,14086
連,14073
控,14070
防,14035
师,13955
師,13935
題,13916
離,13847
蒙,13841
候,13804
督,13763
复,13721
消,13692
木,13610
塔,13607
畫,13603
曼,13595
宋,13567
風,13550
含,13541
專,13516
轉,13490
报,13484
歷,13472
决,13457
望,13356
资,13341
张,13339
陸,13293
室,13292
标,13279
规,13237
视,13217
氏,13217
圖,13201
康,13184
策,13178
W,13118
問,13115
铁,13072
单,13032
章,12976
V,12972
洋,12962
川,12877
親,12861
製,12839
富,12829
藏,12750
升,12746
带,12715
塞,12608
守,12592
班,12549
破,12544
准,12535
登,12510
堂,12495
照,12487
節,12482
岛,12460
问,12460
专,12459
頭,12437
標,12432
創,12429
封,12401
配,12383
歐,12382
许,12326
题,12318
底,12316
序,12304
察,12268
續,12252
划,12241
赛,12215
級,12208
蘇,12172
样,12158
托,12135
获,12082
邦,12042
調,12023
鐵,12009
强,12006
较,11991
亡,11990
注,11960
夏,11868
濟,11868
村,11847
樣,11822
似,11820
遊,11819
纳,11813
节,11785
規,11770
哥,11714
奥,11690
祖,11682
逐,11654
隨,11653
突,11647
給,11619
镇,11601
调,11597
副,11569
甚,11510
风,11496
观,11489
眾,11443
随,11404
退,11340
票,11329
構,11328
響,11295
创,11278
陳,11276
瓦,11229
欧,11229
离,11211
快,11188
举,11170
雷,11167
左,11165
寫,11162
獨,11151
积,11093
给,11078
愛,10986
牙,10978
龍,10978
U,10962
授,10946
劇,10919
埃,10900
息,10887
極,10802
奇,10731
陽,10726
连,10726
森,10699
附,10675
陆,10663
写,10641
男,10634
興,10626
略,10622
判,10619
索,10596
丁,10596
击,10584
久,10579
唱,10565
春,10563
毛,10507
職,10506
微,10437
聖,10428
转,10395
友,10367
K,10360
岸,10341
甲,10324
永,10283
见,10206
旅,10206
繼,10198
农,10182
姆,10165
黄,10156
油,10127
征,10119
切,10110
网,10083
若,10073
干,10045
差,10044
終,10038
末,10004
头,9955
泰,9917
網,9912
船,9906
拿,9897
納,9887
街,9882
几,9876
戲,9872
君,9866
响,9849
臣,9818
右,9814
职,9806
卫,9790
奧,9767
話,9765
办,9761
织,9749
丹,9717
束,9709
澳,9701
讓,9683
互,9678
飛,9672
坦,9628
免,9604
延,9569
剧,9565
隆,9555
话,9552
遭,9483
錄,9478
恩,9476
協,9462
鄉,9449
酸,9446
聲,9444
独,9432
辦,9425
衛,9412
秦,9410
走,9407
停,9407
极,9402
雖,9399
黃,9398
郡,9326
獎,9302
编,9301
營,9292
旗,9261
迪,9257
裝,9245
備,9232
血,9226
證,9221
瑞,9216
证,9216
裡,9165
婚,9144
項,9135
边,9124
兴,9112
酒,9081
终,9077
协,9065
植,9019
勢,9003
x,8925
盛,8923
環,8916
園,8904
亲,8900
架,8897
編,8887
詞,8878
嘉,8868
善,8868
劃,8854
雄,8844
范,8839
幾,8831
项,8820
续,8819
織,8797
红,8777
端,8767
送,8731
宁,8724
草,8702
兒,8684
余,8677
词,8674
弟,8673
良,8667
装,8656
护,8650
警,8639
殺,8618
温,8618
態,8615
众,8603
尚,8599
短,8579
散,8560
層,8559
采,8546
確,8535
雅,8520
J,8503
積,8493
胡,8455
野,8443
評,8433
环,8407
烈,8389
費,8369
继,8363
园,8361
牌,8356
朗,8353
伦,8352
摩,8348
龙,8341
準,8332
某,8332
确,8300
籍,8298
鲁,8294
备,8283
冠,8266
赫,8265
廷,8244
復,8234
符,8225
熱,8224
X,8213
顯,8209
敗,8206
庭,8194
係,8182
益,8175
測,8171
材,8167
假,8152
爆,8143
圍,8130
房,8123
堡,8108
狀,8098
予,8092
晚,8062
寺,8052
署,8036
声,8031
卻,8025
徒,8015
藝,8013
萨,8011
陵,8010
禁,8005
仅,7982
邊,7981
役,7975
害,7960
皮,7957
氧,7955
僅,7942
梅,7930
距,7910
按,7884
股,7848
採,7831
艺,7822
筑,7817
遠,7809
馆,7809
儿,7809
爱,7800
毒,7792
否,7766
沿,7757
雙,7733
介,7725
秀,7720
营,7712
企,7700
吸,7689
牛,7663
飞,7651
医,7642
固,7641
滿,7615
護,7614
莫,7612
價,7588
态,7558
围,7538
描,7535
擔,7512
朱,7511
紅,7502
載,7473
追,7472
倫,7459
胞,7432
劉,7428
试,7425
乘,7425
試,7424
透,7412
館,7411
黎,7405
佳,7400
圣,7398
什,7396
耶,7391
松,7363
農,7354
撤,7354
溫,7352
乎,7346
唯,7330
醫,7312
激,7305
援,7243
斷,7232
满,7229
佔,7186
鎮,7182
细,7177
显,7164
验,7143
罪,7135
辖,7133
概,7124
津,7115
势,7103
私,7102
泛,7098
兼,7094
层,7079
诺,7071
款,7058
迫,7054
仁,7053
負,7044
远,7035
識,7033
录,6983
媒,6976
费,6951
歲,6945
玉,6944
售,6941
昌,6938
難,6938
热,6890
嚴,6889
奖,6884
彈,6883
皆,6878
刻,6848
缺,6846
充,6845
孫,6841
喜,6840
責,6840
店,6836
荷,6832
评,6820
溪,6816
勝,6813
巨,6812
画,6812
殖,6810
召,6810
況,6806
侵,6791
擁,6789
呼,6785
梁,6782
執,6776
諾,6764
聚,6756
銀,6715
韩,6712
潮,6704
姓,6684
顿,6675
乡,6670
桥,6663
双,6654
庆,6644
斗,6632
识,6632
絕,6628
艾,6623
状,6616
断,6610
拜,6596
異,6588
佈,6588
艦,6581
载,6568
陈,6566
杀,6566
避,6560
魯,6553
测,6552
弗,6552
戏,6537
讀,6523
壓,6519
預,6513
細,6507
鲜,6505
漸,6500
染,6475
峰,6470
价,6464
舞,6462
請,6454
操,6438
抵,6422
板,6407
哲,6400
背,6386
云,6366
混,6359
簡,6334
暴,6329
須,6284
範,6262
遗,6254
尤,6249
宮,6228
翻,6220
篇,6202
岁,6186
楚,6168
探,6167
责,6165
餘,6151
刘,6145
驗,6127
敦,6125
亿,6114
尾,6113
况,6108
智,6104
童,6101
蒂,6093
融,6092
途,6084
谷,6067
简,6056
禮,6042
贝,6039
跟,6036
魏,6032
秋,6029
習,6012
析,5994
临,5989
耳,5960
严,5948
譯,5920
戶,5915
菲,5895
宇,5885
压,5882
拥,5876
归,5865
银,5843
待,5832
绝,5831
薩,5819
负,5817
奉,5803
逃,5796
户,5789
担,5788
樓,5787
刊,5781
莱,5780
侯,5777
頓,5763
竹,5757
宫,5747
叫,5744
阶,5738
让,5735
舊,5730
杜,5725
卷,5717
救,5715
秘,5712
诗,5694
泽,5693
犯,5688
习,5685
輯,5671
败,5671
夜,5660
雨,5658
句,5645
舰,5642
找,5635
遇,5632
肉,5630
址,5625
味,5619
难,5615
繁,5613
叶,5592
俗,5578
靠,5550
奏,5526
胜,5475
掌,5474
靈,5474
億,5469
忠,5468
蔣,5457
疑,5449
詩,5449
韓,5448
洪,5441
奴,5430
返,5427
訊,5426
刑,5424
階,5420
函,5414
穿,5389
減,5386
刺,5384
替,5381
虽,5361
徐,5348
雲,5330
遍,5315
歸,5313
冷,5310
楼,5309
爵,5284
丽,5278
諸,5271
裂,5263
柏,5254
迁,5244
届,5235
你,5230
釋,5227
迎,5226
汽,5223
琴,5219
拍,5215
危,5208
妻,5206
映,5179
曹,5177
隔,5177
症,5169
库,5164
坡,5155
液,5150
宜,5135
套,5133
輕,5115
聞,5104
骨,5103
眼,5101
尊,5101
培,5100
捕,5096
換,5088
露,5087
優,5080
乌,5079
雪,5063
裁,5060
执,5037
幕,5029
穆,5019
涉,5003
炮,4999
翰,4997
闻,4995
葉,4992
旋,4992
腦,4962
吴,4959
阻,4955
築,4953
戴,4951
魚,4947
臨,4943
炸,4942
墓,4933
请,4931
孔,4921
换,4908
霍,4904
貝,4891
夠,4887
努,4870
优,4869
漫,4863
麗,4862
傷,4854
尽,4853
休,4851
吳,4849
洞,4843
崇,4840
杂,4838
雜,4835
贵,4830
豐,4827
屋,4825
尺,4815
衡,4815
读,4807
渡,4800
徵,4784
兄,4780
磁,4778
遺,4777
申,4772
屆,4770
岩,4767
药,4766
渐,4747
寶,4741
肯,4728
享,4690
驻,4690
憲,4688
遷,4686
诸,4686
拒,4675
码,4675
湾,4674
频,4674
麥,4674
乾,4673
恢,4663
鮮,4659
衰,4656
礼,4655
巡,4647
軟,4642
榮,4642
監,4638
廠,4638
伐,4637
宝,4624
惠,4622
晋,4619
碼,4616
扩,4615
宪,4606
亂,4603
冰,4603
帕,4600
孙,4588
輸,4564
弱,4563
却,4554
殿,4546
擴,4542
泉,4538
鬥,4534
健,4524
齐,4521
珠,4513
陷,4507
藥,4499
庫,4493
麦,4477
蛋,4475
输,4470
適,4468
呈,4464
仰,4460
拔,4455
促,4449
丘,4445
廉,4442
异,4441
丰,4437
玩,4422
芬,4418
菜,4414
沃,4408
预,4407
墨,4401
困,4399
乃,4396
午,4391
滅,4385
討,4384
粒,4363
赤,4363
孩,4355
甘,4353
付,4350
財,4341
迅,4340
急,4335
烏,4326
祭,4323
鼓,4320
偏,4318
殊,4312
恐,4308
暗,4306
樹,4303
招,4302
冬,4298
陰,4287
萊,4286
郎,4285
槍,4281
橋,4277
倒,4272
译,4272
劳,4271
够,4269
么,4259
庄,4254
購,4254
亮,4251
赵,4249
养,4239
楊,4231
借,4223
燃,4220
虎,4216
養,4214
硬,4212
啟,4212
徽,4205
慶,4204
旧,4204
零,4202
顺,4202
允,4201
础,4200
销,4197
熙,4185
灵,4174
貴,4169
衣,4167
汗,4162
杨,4145
震,4144
坐,4141
葡,4139
弹,4126
圈,4123
监,4119
彩,4116
董,4115
陶,4112
患,4112
软,4111
談,4111
辛,4110
轄,4104
逝,4101
挥,4098
銷,4090
儀,4085
麻,4074
訂,4072
截,4068
茶,4068
魔,4048
菌,4043
倍,4041
释,4023
鄭,4020
财,4013
翼,4005
减,4000
献,3996
孝,3992
補,3990
奪,3983
晉,3979
簽,3962
併,3962
疆,3944
糖,3942
寧,3939
毫,3924
讲,3921
树,3918
貨,3909
井,3907
幣,3902
厂,3901
輪,3901
瑪,3897
幅,3896
辑,3895
签,3885
宿,3878
軌,3869
葬,3868
燕,3864
勞,3853
冲,3850
估,3849
順,3844
灭,3815
障,3813
儒,3807
熟,3798
衝,3793
答,3785
昭,3784
攝,3779
覆,3777
须,3762
蔡,3760
獻,3753
複,3752
訪,3750
歡,3748
浙,3748
彼,3744
晶,3739
舍,3736
仙,3730
络,3729
羽,3714
荣,3701
叛,3701
疾,3700
杰,3700
腊,3700
匈,3688
池,3683
适,3669
轻,3659
币,3653
乱,3653
險,3644
駐,3641
牧,3640
覺,3639
卢,3636
埔,3634
綫,3632
願,3629
租,3628
苦,3625
吃,3623
默,3623
御,3622
圓,3610
捷,3607
敵,3606
振,3592
撒,3590
傑,3587
遣,3587
週,3582
頻,3578
凡,3575
货,3568
遂,3537
械,3532
講,3521
堅,3515
誌,3512
慕,3509
萄,3502
访,3496
慢,3491
碳,3491
盖,3490
藍,3488
妹,3486
鱼,3485
折,3484
療,3469
险,3467
競,3455
迷,3455
伴,3452
練,3451
贡,3442
犹,3439
幼,3438
沉,3424
娜,3422
纽,3400
厚,3396
畢,3389
湘,3386
陣,3377
偶,3374
課,3365
茨,3364
審,3360
伤,3359
桂,3354
钱,3352
袁,3349
矿,3349
宙,3343
炎,3341
怀,3337
汇,3335
粉,3333
隶,3329
廢,3324
Y,3310
废,3307
谈,3304
懷,3301
跨,3300
郭,3282
穩,3277
誤,3276
聽,3275
裔,3269
亨,3267
伏,3266
爲,3265
启,3262
佩,3261
勇,3256
羊,3254
訓,3250
礎,3243
紫,3239
臘,3236
毕,3232
蓋,3231
凱,3229
邀,3226
敏,3222
既,3221
顶,3211
檢,3211
廳,3211
溶,3204
紐,3202
彭,3200
桃,3197
浪,3194
齊,3181
敬,3179
浦,3178
莎,3176
郑,3176
恆,3173
趙,3171
审,3169
玛,3168
柱,3168
揮,3164
藉,3163
检,3160
沈,3159
顧,3157
圆,3157
赴,3153
侧,3151
祥,3150
贸,3146
轮,3144
拓,3143
戈,3139
孟,3136
豪,3133
淡,3120
擇,3119
阵,3114
惡,3113
碑,3105
伍,3102
脫,3094
錢,3093
徑,3074
幫,3062
割,3053
乏,3051
轨,3047
仪,3040
辽,3035
壁,3033
頂,3031
鄰,3030
瑟,3028
鸟,3024
坚,3022
淮,3021
麼,3021
佐,3018
昆,3011
珍,3001
柯,2981
桑,2947
針,2946
夺,2946
額,2940
讨,2934
脑,2924
径,2923
宽,2922
旁,2914
匹,2912
慈,2911
棄,2905
痛,2905
乙,2904
賓,2904
曆,2899
玄,2898
玻,2898
側,2896
乳,2894
幻,2892
袖,2886
縮,2885
辭,2884
额,2884
疫,2884
跑,2874
尋,2858
訴,2856
剛,2849
賣,2846
夷,2845
扬,2841
塑,2830
盡,2827
粹,2822
罕,2820
趣,2819
筆,2817
污,2810
卓,2805
脱,2801
锡,2801
补,2799
Q,2795
撞,2794
循,2792
谋,2791
榜,2788
凯,2785
澤,2783
謂,2782
愿,2781
塘,2781
頒,2779
滑,2778
艘,2774
貿,2769
鏡,2767
掉,2764
鐘,2762
岳,2746
幸,2742
欲,2742
觉,2736
飾,2735
缩,2733
奈,2732
紙,2730
雕,2728
伸,2728
餐,2723
謀,2722
乔,2720
敌,2719
緊,2703
铜,2699
旦,2699
兹,2699
帮,2697
灰,2693
阴,2690
損,2686
裕,2676
欢,2676
尖,2671
苗,2666
撰,2659
壞,2656
寒,2652
襲,2651
妃,2651
買,2650
錯,2644
稳,2644
仔,2643
紧,2637
摄,2633
块,2633
絲,2628
綠,2627
茲,2627
謝,2623
箭,2622
针,2614
岭,2614
芳,2614
純,2606
钟,2602
听,2591
葛,2591
宾,2585
閣,2582
杭,2582
橫,2582
j,2581
竞,2581
芝,2581
赞,2576
遜,2575
挑,2572
隋,2572
扎,2572
毁,2569
秒,2567
靖,2567
勃,2566
邓,2565
莊,2564
霸,2561
庙,2560
弦,2560
貢,2555
誉,2543
寬,2539
订,2537
措,2532
盐,2530
浮,2529
纸,2529
豆,2528
择,2528
慧,2526
郊,2522
戒,2515
训,2513
握,2512
枪,2506
盘,2504
邻,2502
契,2500
廟,2495
昂,2492
藤,2490
婦,2487
误,2484
损,2483
僧,2483
累,2482
盤,2482
詹,2481
鬼,2480
朋,2470
蒸,2468
巧,2465
棋,2463
礦,2456
逊,2455
仿,2452
鍵,2452
搭,2451
泊,2450
賴,2448
刀,2448
盾,2446
屏,2442
剂,2441
莉,2439
咸,2432
戀,2431
隧,2431
肥,2429
顆,2428
拼,2427
错,2425
厅,2422
汪,2421
坏,2420
遵,2419
屠,2414
俱,2414
税,2409
储,2408
輛,2407
輔,2407
儘,2403
鳥,2398
夢,2397
绿,2396
膜,2396
荒,2390
勤,2390
番,2387
宅,2382
艇,2380
祝,2379
喬,2376
姐,2367
购,2363
杯,2362
曰,2352
狄,2350
顾,2344
泥,2335
壽,2332
毀,2331
觸,2328
谢,2325
课,2322
幹,2321
伽,2320
恶,2320
剩,2314
壤,2312
吐,2310
嶼,2308
柳,2302
Z,2301
亭,2295
圳,2294
练,2291
袭,2285
疗,2283
暫,2283
搜,2281
耀,2277
燒,2276
鄧,2269
脉,2265
综,2265
呂,2264
妮,2263
稿,2260
谓,2256
陀,2256
键,2250
脈,2248
刚,2247
卿,2246
丝,2245
稅,2244
仲,2238
横,2236
薄,2227
粵,2227
鹿,2225
姻,2224
裏,2224
跳,2223
诉,2222
煤,2217
涅,2215
揚,2213
衍,2213
怒,2213
恒,2207
柴,2207
盧,2206
岡,2205
猶,2201
俘,2201
壇,2196
腐,2196
譽,2196
插,2195
閩,2193
隻,2188
拆,2188
屯,2185
緣,2183
填,2181
叔,2179
迹,2177
硫,2176
琳,2174
騎,2171
洗,2169
弃,2169
耗,2166
扮,2164
貌,2163
寄,2162
顏,2162
銅,2158
隸,2156
傾,2155
紛,2153
拳,2151
績,2146
甸,2144
抽,2139
輝,2139
矛,2138
繪,2120
琉,2119
棒,2118
焦,2114
凌,2112
墙,2112
閉,2110
塊,2108
吾,2107
逆,2107
笑,2106
藩,2104
q,2102
侍,2101
串,2100
蛇,2095
疏,2092
齡,2089
矩,2086
劍,2085
绍,2081
阁,2074
悲,2074
邮,2073
冊,2072
堆,2071
弘,2060
滨,2059
坑,2057
鳳,2054
紹,2052
悉,2050
孤,2050
舒,2047
垂,2044
飲,2043
潭,2043
旨,2041
歧,2040
册,2039
镜,2037
寿,2035
辞,2034
妇,2033
腳,2032
靜,2023
瓜,2022
纯,2022
床,2021
璃,2015
吨,2014
絡,2011
忽,2008
孕,2007
买,2007
譜,2005
笔,2005
辅,2004
憶,1994
刷,1989
峡,1988
怪,1983
蜀,1978
鹽,1973
潛,1969
狗,1967
纵,1960
浩,1957
擎,1955
雍,1955
酶,1947
盆,1945
捐,1937
尉,1936
搬,1935
覽,1929
闭,1922
驱,1919
蓝,1919
梯,1915
癌,1909
儲,1907
檔,1905
慮,1904
券,1903
倡,1902
宏,1902
蓮,1893
彰,1891
稻,1889
绘,1887
婆,1887
狼,1885
廈,1883
匯,1881
逼,1880
郵,1878
慣,1877
敢,1875
喀,1873
劑,1873
汤,1868
盃,1867
漠,1866
脂,1866
吞,1864
腹,1860
潘,1856
柔,1856
揭,1854
晨,1850
旺,1839
崩,1838
傅,1837
涵,1835
静,1833
偉,1833
抑,1833
钢,1833
卜,1832
陕,1831
違,1831
驅,1829
奔,1826
隱,1824
颜,1818
氯,1810
扶,1809
氨,1808
殘,1807
崎,1807
烟,1806
隐,1804
耕,1802
扁,1801
纷,1790
虑,1790
腔,1785
誠,1784
虛,1784
骑,1781
蒋,1780
丈,1777
祀,1777
忍,1776
坊,1773
烧,1771
颁,1771
枚,1768
潜,1765
蕭,1761
擬,1759
惟,1758
賞,1756
缘,1753
枝,1744
稀,1738
氫,1738
剑,1736
寻,1735
忌,1735
貫,1734
锦,1731
饰,1729
緒,1725
螺,1724
稍,1721
綱,1721
谱,1721
災,1718
杉,1718
朴,1709
冒,1706
沖,1704
濃,1704
迴,1703
肺,1694
棉,1692
链,1691
邑,1687
聘,1683
萧,1679
冯,1678
駛,1677
胎,1675
卑,1673
粮,1671
涯,1669
猛,1667
怖,1667
碟,1664
憑,1663
锋,1661
斜,1660
览,1659
籌,1658
賢,1658
触,1657
泡,1654
繞,1653
削,1652
倉,1651
吕,1651
醇,1649
氢,1648
愈,1646
残,1645
詳,1642
拟,1642
凤,1641
添,1638
梦,1637
闽,1633
魂,1631
奶,1627
熊,1627
襄,1626
凝,1624
歇,1622
麟,1622
厥,1619
韋,1613
韻,1612
綜,1611
狂,1611
绕,1610
赖,1610
贯,1601
斥,1600
獄,1600
辨,1599
迦,1598
倾,1597
缓,1595
韦,1594
遼,1594
跡,1593
灾,1591
嶺,1590
鼎,1589
伟,1589
寨,1585
奠,1583
湿,1580
灌,1580
砲,1575
粗,1574
犬,1574
鼻,1572
卖,1570
湯,1569
緩,1568
纲,1567
鋒,1565
虚,1561
箱,1561
鋼,1560
屈,1558
怕,1558
抱,1557
窗,1555
茂,1555
錦,1554
註,1554
縱,1554
寸,1553
梵,1552
讯,1548
廊,1548
溯,1544
夕,1544
贊,1540
辆,1539
轴,1539
壮,1539
绩,1538
碎,1538
押,1535
獵,1534
绪,1530
駕,1528
嫁,1525
贏,1524
堪,1519
鄂,1519
俊,1518
暖,1518
卵,1516
胶,1515
沟,1505
暂,1504
龄,1495
竟,1495
逮,1493
宰,1492
逻,1492
泳,1491
抚,1489
慰,1489
輻,1488
豫,1487
迈,1486
旬,1485
筹,1480
峽,1479
頁,1474
錫,1473
仇,1469
濱,1469
鸡,1469
饮,1468
坛,1468
貓,1467
偷,1464
賦,1464
驚,1462
蟲,1462
燈,1461
誕,1459
馮,1457
町,1449
幽,1447
娛,1445
桓,1433
欣,1433
挪,1432
赋,1431
妙,1430
岗,1430
胸,1429
彌,1428
賈,1426
勳,1424
掘,1421
肃,1419
勵,1418
翁,1415
麵,1413
巢,1412
毅,1411
催,1411
脅,1409
兆,1405
巫,1405
虫,1403
閱,1402
诞,1402
烯,1402
惯,1397
磨,1395
煙,1393
吏,1387
舟,1387
趨,1377
脚,1377
鼠,1374
枢,1373
膠,1369
狱,1367
彻,1364
辟,1364
斤,1363
罰,1361
劫,1360
溝,1359
喪,1356
埋,1349
殷,1346
涌,1345
颗,1343
坎,1342
誓,1338
氟,1336
辯,1334
甫,1332
恋,1332
丙,1330
礙,1329
賀,1324
坪,1324
邪,1322
哀,1320
貞,1320
彗,1320
雞,1319
跃,1319
牲,1317
厦,1316
辰,1315
吹,1315
姊,1313
忙,1312
寓,1311
亥,1310
酷,1308
磷,1308
耐,1306
牠,1305
漁,1304
蹈,1302
苯,1298
腓,1293
敘,1288
励,1287
軸,1286
叙,1284
頗,1283
鉴,1282
瓷,1282
轟,1279
擾,1278
厘,1276
忘,1275
尿,1274
诚,1274
宴,1270
猜,1270
哪,1268
档,1265
页,1264
鎖,1264
衔,1262
嘗,1262
躍,1260
糧,1259
祿,1257
蕃,1254
冀,1250
仑,1249
贾,1245
樞,1245
恰,1245
滋,1244
脊,1243
邁,1243
雌,1242
薪,1239
胁,1238
厄,1237
龐,1237
恭,1237
浓,1236
润,1235
趋,1233
雀,1232
逢,1231
秩,1231
慎,1230
珊,1230
粤,1228
咖,1227
喷,1224
髮,1224
崔,1223
牆,1222
掠,1221
丧,1219
託,1218
菩,1218
啡,1217
瑜,1217
翌,1216
悠,1214
蜂,1213
勋,1213
欽,1210
阮,1209
姚,1209
叉,1208
殼,1207
丞,1206
弥,1205
畜,1203
株,1197
薛,1197
嗣,1197
怎,1197
徹,1194
α,1194
递,1194
灯,1194
獸,1192
庇,1192
诏,1192
禪,1192
夸,1191
赢,1191
僚,1189
晓,1187
戚,1187
炭,1187
醒,1186
陪,1185
穌,1185
卒,1184
趁,1184
禧,1184
恨,1184
净,1184
赏,1183
蜜,1183
烷,1182
披,1181
庸,1179
砂,1179
姑,1177
硕,1171
斐,1169
猎,1167
贫,1166
腺,1163
繫,1163
膨,1162
姬,1162
娘,1159
娶,1159
郁,1158
貧,1157
勸,1157
冈,1156
渠,1156
苑,1155
賜,1152
銜,1151
抄,1150
嘴,1149
辩,1149
胺,1149
帥,1147
嫌,1147
忆,1144
碰,1143
袋,1143
拖,1141
贤,1141
违,1139
擦,1139
斑,1136
詢,1136
獅,1133
遞,1132
擅,1130
帅,1129
焚,1128
矮,1128
纹,1125
盈,1123
魁,1123
募,1121
壘,1121
禹,1119
详,1117
壯,1116
掛,1115
崙,1115
寮,1114
睡,1112
淨,1111
扣,1110
穷,1110
纬,1109
汝,1109
邏,1108
妥,1106
贺,1105
廖,1103
禦,1102
肝,1102
摧,1101
抓,1100
踏,1098
赐,1098
昇,1097
囚,1097
罷,1095
帽,1095
札,1094
肌,1094
摇,1091
掩,1090
挖,1088
氮,1088
逸,1086
瓶,1085
亩,1085
娃,1085
冕,1084
框,1078
蘋,1078
阅,1077
徙,1077
肖,1072
伪,1071
舌,1071
鴻,1071
疊,1071
栗,1071
惜,1069
飯,1068
噸,1065
旱,1064
雇,1063
漏,1062
銘,1060
锁,1058
偵,1057
翔,1057
埠,1056
祠,1055
韵,1053
腿,1050
剪,1050
繩,1046
桌,1044
é,1043
轰,1043
麓,1040
辉,1039
浸,1039
冥,1038
囊,1037
玲,1035
碧,1034
喻,1034
劣,1034
颇,1033
拘,1031
艙,1030
貼,1029
肅,1028
窮,1026
挂,1025
驾,1023
柬,1020
撫,1019
詔,1019
翠,1019
淺,1018
汀,1018
龜,1017
趕,1015
讚,1015
蓬,1010
阔,1010
喇,1008
緬,1008
兽,1008
彪,1007
熔,1005
濕,1005
梨,1003
跌,1002
尹,1002
鸿,1000
糊,1000
仓,999
潤,998
淘,997
腾,995
尝,993
庞,991
毗,991
惊,990
噴,989
奎,988
籃,988
堤,986
霧,984
齒,983
禅,983
蓄,983
姿,981
俠,981
鑑,978
缅,973
勾,972
碱,972
贈,969
剿,968
扰,967
罚,967
搖,966
釣,965
哺,964
钦,963
宦,963
遲,962
邱,962
冶,961
壳,959
宛,956
逾,955
丸,955
嵌,955
煌,954
怡,954
媽,954
伙,952
怨,952
赶,951
昔,949
搞,945
笛,945
閃,943
販,943
掃,943
甜,943
茅,942
鍾,941
勁,939
彙,939
驶,938
贞,935
杆,935
涂,932
铸,931
凉,931
蹟,930
渤,930
屿,929
臟,929
譚,925
酵,925
庚,923
擺,923
噶,923
悟,923
凰,922
璋,922
蒲,921
悬,921
辱,920
潔,920
沪,919
弄,916
莲,913
庶,913
債,913
霞,911
慘,910
姜,910
腰,909
嫩,908
铺,908
挺,908
芒,908
凭,906
稣,902
潰,902
祈,902
庐,902
坝,902
叠,901
斬,899
澄,896
扇,895
跋,895
鑽,894
豬,893
罢,893
駁,893
卸,893
搶,891
鹤,890
闊,890
橡,890
奸,889
煮,889
償,887
邵,887
鴉,887
弓,886
藻,886
昏,885
荡,885
狮,885
喝,884
薇,884
吧,883
迟,883
墾,881
寇,881
牽,879
漳,879
穴,878
滩,877
劝,875
攜,874
紋,873
診,873
礁,873
淵,872
盗,872
践,871
煉,870
猴,869
窄,869
滾,868
仕,867
帖,866
牵,865
渔,865
韶,864
崖,862
眉,862
盜,861
荃,861
簧,857
鷹,857
妖,856
窟,855
扫,855
瀑,855
朔,853
禄,853
辐,853
荆,852
碩,852
懸,851
纺,851
贴,851
滚,850
貪,849
穀,849
倭,847
辣,843
醉,842
朵,841
梭,841
勘,840
僑,839
狹,839
悼,836
篮,834
荊,834
蹤,834
虞,832
懂,832
阪,831
舜,831
肇,830
臂,830
粟,829
緯,829
匠,825
巷,825
桐,825
欠,824
寅,824
暨,822
炼,822
圭,822
惨,821
禽,821
扑,820
摆,818
憂,817
荐,817
澎,816
鈾,815
汰,813
赣,813
狭,813
拱,812
屍,809
苹,805
荀,802
塗,802
矣,800
赦,800
詠,799
汕,799
偽,798
撥,796
爪,795
曉,794
汁,794
戎,792
携,790
遮,790
盲,789
迄,788
肩,788
腸,787
嬰,787
捉,785
碍,784
吻,784
鸦,784
询,783
崛,783
绥,782
涼,782
憤,782
寡,780
娱,779
菊,779
泌,778
霜,778
皖,778
鏈,777
豚,777
漂,776
侨,775
鳴,775
燥,775
芙,775
伺,773
眠,773
肢,772
饭,772
渊,771
佑,771
歼,771
硝,769
尸,768
淑,767
呎,767
匪,766
棠,762
爬,760
虐,758
漆,758
罩,754
丑,754
畏,753
輩,752
肪,750
爐,749
攀,747
绵,747
纖,745
牢,743
雁,741
奮,741
懿,741
棕,740
欺,740
债,740
汶,740
赠,739
鬆,736
哭,736
躲,735
畔,735
吊,733
扭,732
饼,732
呢,732
鸣,730
溃,729
筒,728
铭,726
鞏,726
蕾,726
抢,722
胃,722
薦,721
齿,720
酮,720
瘤,719
肆,718
痕,718
脏,717
糕,717
睛,717
臭,717
夾,716
庵,716
芭,716
鹰,715
唇,713
勉,711
侶,710
洁,709
蔬,708
芽,707
秉,707
啤,706
苻,706
履,705
琪,705
茵,704
遙,702
弊,700
浏,700
粘,700
狐,699
猪,699
猫,699
卦,699
撲,696
歉,695
晤,694
纤,694
擋,692
鲍,692
欄,692
翅,691
侠,691
誰,690
砖,689
弧,689
峻,687
鸭,687
霖,687
屢,687
胀,686
沛,685
蝠,685
頃,685
栏,684
薯,683
椒,683
偿,683
虹,682
嘛,679
賊,677
誘,675
淳,674
黏,674
鈴,673
齋,673
渝,672
戊,671
顛,671
忒,670
纂,669
氛,669
衷,669
晴,669
β,666
椎,664
牟,663
蘆,663
栖,663
阜,663
塵,662
槽,661
琼,661
裸,660
膽,660
諡,660
珀,657
稽,656
栽,655
沫,655
婉,654
擠,653
咒,652
奋,652
渭,652
棲,651
陝,651
爽,650
暑,649
剌,648
拨,646
蝶,646
竭,646
烹,646
倚,645
祐,644
説,644
磯,643
坤,643
浅,642
賭,641
顷,640
酬,639
颠,639
帳,638
黛,638
帆,637
臉,637
葵,637
锐,636
輿,636
兔,635
崗,635
蓉,635
鯊,634
蝙,634
悔,633
柄,633
堵,633
杏,630
烤,630
舱,630
峙,629
殲,629
垣,629
濁,629
乞,628
夹,628
鯨,628
羚,628
脹,627
蝕,626
騰,626
滙,626
莽,626
涛,626
喉,625
邨,625
瀏,624
愚,624
醛,624
狩,622
懼,620
酯,620
噪,620
寵,619
剖,618
谐,617
桶,617
禍,617
畿,617
拋,616
谦,615
鑄,614
惑,614
奕,613
猩,611
駿,610
淫,610
丛,610
岐,610
銳,609
謙,608
聰,608
硅,607
淀,607
閥,607
溥,607
閒,606
諷,606
酿,606
暢,605
泄,605
刪,605
夥,603
羌,602
蔭,602
濫,601
蟹,601
鞍,600
焰,600
谁,599
汐,599
殉,598
挫,596
胚,596
矢,595
钠,595
滴,595
椅,594
拾,592
匿,592
盒,591
膚,591
淋,591
氦,591
颱,590
塌,590
鞋,589
沼,589
巩,589
漿,588
矶,586
嫡,584
褐,583
芦,583
淆,582
胖,582
締,581
沸,581
瑰,580
愉,578
貶,577
騙,577
訟,575
踪,575
凸,575
湛,574
黔,574
摘,573
賠,572
灘,572
隙,572
謹,571
厉,571
悖,570
糾,569
闰,569
頌,568
彎,567
妓,567
鑼,567
趾,566
仗,566
淹,565
捲,565
闪,564
剥,563
闲,563
籲,562
炳,562
鶴,561
坂,561
綁,561
茄,561
踐,560
鹼,560
釜,560
熹,560
奢,559
袍,559
鋪,558
愤,558
蘿,557
懲,557
厲,556
蔽,556
炒,555
裴,555
傲,555
阐,555
侄,554
犁,554
您,553
斋,553
篡,552
贷,552
婴,551
饶,551
寂,550
櫃,549
鮑,549
祁,549
遥,547
蝦,546
晰,545
挽,544
豹,542
炉,542
恪,542
砍,541
喊,541
彥,540
廿,540
瘦,540
邯,539
窦,539
牡,539
聂,539
滕,537
侦,536
墅,536
諧,533
汞,533
堰,532
谭,532
墟,531
纠,531
苷,530
鹏,530
脆,530
拯,529
繳,529
舆,529
锅,529
勿,528
玫,528
凶,528
荔,528
忧,527
竣,527
邸,526
鴨,524
抬,524
苓,524
梓,523
剝,522
溉,521
畅,520
鞭,520
焉,518
諮,518
谥,518
铉,518
倪,517
颈,516
抛,514
滇,513
琅,512
榆,512
敕,511
滤,510
删,510
隕,510
飽,509
榕,508
蚌,507
肠,507
彝,507
诊,507
褒,505
诱,504
衙,503
棍,503
钻,503
莖,503
贬,502
虏,501
疇,500
醣,499
鉛,499
帜,499
铝,499
凍,498
棚,498
垃,498
咀,497
舅,497
虜,497
爺,497
ā,497
圾,497
抨,496
廂,496
疲,496
髓,495
肚,494
棺,494
鬱,494
酋,493
阀,493
侣,492
厭,492
孚,492
丕,492
睿,491
孜,491
蹄,490
祺,490
敖,490
磅,490
琦,489
魅,488
苍,488
桿,487
饥,487
挝,486
娅,485
窩,485
軒,484
聊,484
瑚,484
楷,484
涨,483
芯,483
螢,482
踢,482
騷,481
煎,481
浴,480
湧,479
阎,479
劾,478
胤,478
浑,477
橄,476
胆,475
蚀,475
旭,474
漲,474
瑶,473
棟,473
掀,473
壬,473
牺,471
讽,469
頸,469
屡,469
辈,468
浆,468
卧,467
誼,467
惩,466
巾,465
蔗,465
塢,465
哇,465
斩,464
龟,464
菱,464
莞,464
枯,463
贪,463
譴,462
颂,462
鍋,462
迭,461
舶,460
凹,460
吟,460
橘,459
蔓,459
弼,459
闡,459
罹,458
渣,457
窝,457
碗,456
譬,456
瓊,456
鈣,456
矽,456
惧,454
膏,454
貸,453
敲,453
謠,453
樸,453
萌,451
叢,451
嘲,451
溴,451
瞭,450
瑙,450
筋,450
餅,449
祸,449
垒,448
渴,448
俞,447
戌,446
肤,446
绸,446
梧,446
堯,446
宠,444
抒,443
泗,443
咬,443
槟,443
谊,442
宵,442
萍,442
蛮,441
毓,440
靡,439
俾,439
祇,439
籠,439
峨,439
醜,439
缝,438
墜,438
谨,437
嚇,437
汾,437
鵬,437
僵,436
吁,436
闢,436
曝,436
贼,436
赔,435
鎊,435
傀,435
慾,435
籤,434
樊,434
抹,434
锌,434
蛛,433
酰,432
僕,432
硒,432
缸,432
闸,431
淞,430
櫻,430
驟,430
辜,430
擒,429
犧,429
醬,429
儡,429
暹,429
脸,429
蕉,429
慨,428
諱,428
冤,428
驳,428
谴,427
鲸,427
攔,427
羲,427
兀,426
璧,425
紳,424
咨,423
蠻,423
裹,423
腫,423
榴,423
壟,422
丟,422
笙,422
沧,420
釀,420
妾,419
盪,418
劲,418
艰,418
淪,417
僱,416
凿,416
á,414
蔚,414
缔,413
蕴,413
綿,412
瞬,412
鵝,412
骸,412
擲,412
幟,411
烃,411
罵,410
樑,409
垮,409
羞,409
濒,408
吋,408
慌,408
煩,408
撐,408
骚,407
饱,407
渦,407
壹,407
禱,406
馳,406
睦,405
晏,405
钾,405
绣,405
淚,404
戍,404
匡,403
稷,403
鹅,402
沂,401
坞,401
艷,401
彦,401
嗜,401
洽,400
滯,400
棣,400
墩,399
檀,399
楠,399
纏,399
塾,399
紮,399
罐,398
閘,398
铅,398
钓,398
虔,397
垦,397
滥,396
樟,396
鈉,396
濤,395
醋,395
匀,394
陛,394
讼,394
臻,394
鞅,393
眷,393
缴,393
膀,393
紡,392
岱,392
啦,392
鑒,392
仆,391
熵,391
卤,391
尧,390
禎,390
冻,390
侗,390
俯,389
黜,389
姦,388
沁,388
墮,387
禾,386
欖,386
綏,386
虾,386
厝,386
锥,385
盎,384
苛,384
涡,384
廓,384
斌,384
绑,383
骤,383
緻,382
酱,382
畴,382
寝,382
丢,381
妄,381
稚,381
摔,380
捨,380
瞿,380
棱,380
肿,379
祯,378
艱,378
猿,378
弯,377
皓,377
鐸,377
墳,376
沦,376
仄,375
釷,375
杖,373
胥,373
珅,373
朕,372
鎳,372
笼,372
餓,372
閻,372
酪,372
嵩,371
坟,371
晃,371
彬,370
糟,370
帐,370
侖,369
尘,368
瓣,368
婿,368
喚,368
溢,368
侮,367
兌,366
閏,366
陇,365
誦,365
幢,365
哉,364
篤,364
茹,364
ü,364
潼,364
箕,364
鬧,362
茎,362
琰,361
傍,361
肽,360
窑,360
胰,360
缀,359
虧,359
睹,359
贖,359
佬,359
鈔,359
飼,358
濾,358
憾,358
嗎,358
娥,357
撑,357
雾,357
啊,357
疼,357
捍,357
垄,357
鈦,357
驰,356
椭,355
骼,355
妨,355
橙,355
愁,355
铯,355
詮,354
穗,353
叹,353
滲,352
祚,352
炯,352
鉑,352
斡,351
挤,351
壢,351
乍,351
苟,351
煽,350
諫,350
縫,350
砌,349
滞,349
搏,349
檬,349
誅,348
釐,348
緝,348
弈,347
饲,345
諭,343
悅,343
蕩,343
棵,343
氰,343
夭,342
驼,342
瘋,341
惹,341
稠,341
衢,341
耆,340
蚊,340
磚,340
穎,340
篆,340
瓯,340
殆,340
缪,339
粥,339
汴,339
匾,339
颖,338
雉,337
绳,337
雏,336
竊,336
挡,336
帛,336
幌,335
菸,334
佣,334
а,334
雯,334
渾,333
鋁,333
栋,333
谣,333
膝,332
衫,332
贩,332
枕,332
匣,332
λ,331
賺,331
吗,330
厌,330
聪,330
刮,329
π,329
氙,329
滬,327
飢,327
綴,326
沽,326
洩,326
浚,325
癸,325
斧,323
偕,323
曜,323
霄,323
膛,322
爛,321
盔,321
竿,321
椰,321
栓,320
嫻,320
陡,319
笠,319
敷,318
ó,318
佗,318
萃,316
撕,316
浊,316
渗,315
翡,315
兇,314
纜,314
恺,314
芜,314
壩,313
焕,313
淤,312
倖,312
裙,312
驿,312
蘊,311
靼,311
檐,311
耿,310
酉,310
剃,310
畝,309
摸,309
氡,309
γ,307
骗,307
祷,307
鹵,307
叱,307
赌,306
腕,306
蝴,306
羟,306
腥,305
泼,305
捧,305
磡,305
朽,305
妈,305
敛,304
禺,304
萎,304
闵,304
餾,304
遏,303
澜,303
冉,303
钙,302
臥,302
竇,302
竺,302
郸,301
誇,301
蔑,301
瘟,300
о,300
μ,299
岑,299
瞻,299
邢,299
镶,299
膳,298
碘,298
棘,298
恥,298
兑,298
悦,298
鹹,298
侈,297
詐,297
卯,297
谏,297
舖,297
钧,297
惰,297
菇,297
蜘,297
沾,296
霹,296
皋,295
晖,295
傘,295
骆,294
谕,294
竖,293
瞄,292
崑,292
厢,292
肛,291
哨,291
巳,290
繹,290
豎,290
瑾,290
诛,290
傣,289
衆,289
壺,289
廚,289
褲,289
硼,289
咎,288
铃,288
佚,288
嘆,288
疯,288
莒,288
簿,287
郝,287
镑,287
и,287
錒,287
繆,286
疹,286
炬,286
砷,286
贿,286
鍊,285
隅,285
肾,285
喙,285
祂,284
攤,284
濮,284
绒,284
鈹,284
狙,283
腎,283
账,283
粽,283
烦,282
鋰,282
跪,281
の,281
蛙,281
泪,281
轩,281
芹,281
绛,280
聶,280
珪,280
鉀,279
雛,279
р,279
庾,279
縛,278
绅,278
廬,278
賄,278
昼,277
峭,277
ö,277
饒,277
逗,277
钞,277
锑,277
榄,276
澱,276
湄,275
隘,275
闹,275
诵,274
孵,274
証,274
孺,273
撼,273
斃,273
諜,273
塚,273
烂,272
哆,272
陋,271
蒼,271
倩,271
饑,271
刹,271
蒐,271
蟻,271
霆,270
鈞,270
缠,270
勻,270
瀕,269
衞,269
杞,269
槃,268
瀛,267
灶,267
艮,267
爸,267
苔,267
戮,266
琵,266
琶,266
哩,266
帧,266
諒,265
鉅,265
咽,265
卉,265
楔,265
柑,265
泸,265
醚,265
蜥,264
乒,263
糯,263
琛,263
荫,263
癒,263
ä,263
酥,262
锂,262
灸,262
闖,261
蜡,261
谟,261
屑,261
蒿,261
毋,260
拌,260
娄,260
耻,260
莆,260
傭,259
刃,258
磺,258
犀,257
噬,257
讳,257
溺,257
í,257
鄒,257
甄,256
楓,256
蕊,256
昧,256
绎,256
靺,256
钩,255
泵,255
闆,254
暱,254
吵,254
沅,254
谍,254
俸,253
豁,253
拷,253
錐,253
萝,253
孢,253
鄱,252
甦,252
珲,252
攬,252
嘱,252
鞨,252
泣,251
妒,251
閔,251
謎,251
窃,251
驕,251
嬴,251
瀋,250
隼,250
邹,250
埤,250
麾,249
擱,249
霉,249
爷,249
汲,249
ε,248
蔥,248
駒,248
岷,248
鑿,248
鞑,248
ο,247
毙,247
樵,247
菁,247
儉,246
橢,246
е,246
兜,245
扔,245
摺,245
唤,244
戟,244
梗,244
悄,244
敞,244
鳍,244
烘,244
靶,244
妊,244
溧,244
冗,243
栈,243
饿,242
麒,242
倘,241
坍,241
蚕,241
扈,240
咏,239
笨,239
枣,239
ë,239
钥,238
匙,238
捆,238
扯,238
廁,238
寰,238
狸,238
酚,238
侏,238
汙,237
倦,237
馨,237
埕,237
暮,236
艳,236
坠,236
砸,236
躁,236
馈,235
恕,235
鹊,235
纱,235
綽,234
飄,234
铀,234
盼,233
亏,233
丐,233
攸,233
滸,233
攏,233
沮,232
晦,232
瑛,232
嫉,231
嬪,231
膑,231
鸮,231
乓,230
葱,230
芷,230
囑,230
沱,230
拦,230
妍,230
奚,230
顎,229
皈,229
穹,229
楞,229
鈺,229
奘,229
鋂,229
揆,228
槐,227
佃,227
唸,227
铎,227
鰭,227
蒜,227
褚,227
惱,226
偃,226
瑤,226
稼,226
簇,225
婢,225
耦,225
泾,225
蟬,224
妆,224
謊,224
煥,224
舵,224
嘎,224
郢,224
躺,223
鋅,223
釘,223
綢,223
淄,222
溜,222
妝,222
鞠,222
鑰,222
焊,221
臧,221
ー,221
钊,221
蕨,221
蠟,221
骂,220
脾,220
埗,220
檸,220
湊,219
鳩,219
皂,219
鋦,219
厨,218
ς,218
掷,218
頑,218
伞,217
孀,217
鹘,217
缮,217
賤,217
飘,217
淇,217
羧,217
鍀,217
σ,216
裤,216
祕,216
咪,216
聆,215
钮,215
绰,214
暇,214
н,214
冢,214
翟,214
稜,214
隴,213
鞘,213
è,213
漕,213
桧,213
垫,212
伶,211
恤,211
吓,211
с,211
愧,210
憐,209
漓,209
鄴,209
挾,209
鲨,209
枫,208
毯,208
迥,208
桀,208
嫔,208
鶯,208
弩,207
吠,207
溼,207
鹦,207
栅,207
赎,206
迂,206
鬚,206
姨,206
鍺,206
齣,205
恬,205
芥,205
媚,205
魄,205
嘯,204
喘,204
闯,204
俑,204
悍,204
嶽,204
巖,204
谅,204
渲,204
鈮,204
逵,204
鑲,204
聿,203
莓,203
涪,203
牒,203
錶,202
甬,202
炙,202
亳,202
柜,202
襪,202
钉,201
憎,201
煞,201
摊,201
甥,201
炀,201
栱,201
銥,201
笃,200
豈,200
倆,200
臼,200
轅,200
裘,200
韬,200
枋,200
壶,200
鰂,200
訶,200
雒,200
憩,199
灑,199
洼,199
い,199
滔,199
鵰,199
肋,199
歎,199
畲,199
葫,199
梳,198
呆,198
俭,197
ú,197
讷,197
沭,197
啸,197
鸠,196
缚,196
逍,196
陌,196
筍,196
旌,196
浒,196
繡,195
毆,195
壕,195
峪,195
擄,195
晝,195
軾,195
芋,195
驯,195
蠢,194
诃,194
拐,194
彧,194
衮,194
餡,194
匆,193
錇,193
缆,192
肴,192
扼,192
缉,192
τ,191
墊,191
羯,191
炫,191
顽,191
糙,191
昊,191
頡,191
楨,190
轎,189
捏,189
澀,189
滄,189
鑭,189
惕,189
咤,189
婭,189
篷,188
紗,188
锤,188
兮,188
喃,188
鉭,188
崁,188
潍,187
彤,187
姪,187
唾,187
叮,187
筠,187
拂,187
鱗,187
褶,187
睢,187
鼐,187
釔,187
曙,186
誣,186
襟,186
烴,186
幂,186
剔,185
麽,185
ν,185
檻,185
僻,185
瀨,185
鲤,185
箴,185
燭,185
媳,185
馏,185
弋,185
謬,184
靴,184
鹃,184
狠,184
絞,184
绞,184
堕,184
鉈,184
淅,184
ρ,183
茫,183
茜,183
鹉,183
颐,183
駱,183
荧,183
晁,183
兖,183
痘,182
鄙,182
懋,182
奄,182
胱,182
産,182
铲,181
麝,181
蓟,181
摹,181
跆,181
搁,180
瞎,180
柩,180
鎢,180
沌,179
渥,179
潑,179
覓,179
诈,179
驴,179
遁,179
笋,179
钡,179
氖,179
惶,178
篩,178
歪,178
ι,178
漱,178
陂,178
翊,178
餵,177
樱,177
к,177
锰,176
贛,176
郃,176
鈕,175
咐,175
磋,175
瑕,175
ω,174
樺,174
驛,174
堀,174
拢,174
煬,174
奭,174
锶,174
蠶,173
璽,173
镕,173
戛,173
玺,173
駝,173
嵇,173
谜,172
咳,172
ī,172
骏,172
榨,172
诬,172
琐,172
軀,172
舺,172
ン,171
堊,171
惇,171
ˋ,171
俐,171
艋,171
鉲,171
鉍,171
镁,170
榔,170
鳌,170
鉤,169
揽,169
黯,169
筛,169
舷,169
δ,169
沐,169
昱,169
诫,168
熏,168
扳,168
拙,168
昨,168
锻,168
肘,168
骄,167
僭,167
翦,167
鎌,167
滁,167
侃,167
洮,167
鸚,166
誡,166
擢,166
鹭,166
熾,166
啶,166
崧,166
焘,166
迺,165
寢,165
薑,165
圩,165
衬,165
葆,165
洱,165
鱀,165
陞,164
滦,164
璞,164
嬌,164
矚,164
蟾,164
頤,164
疟,164
龚,164
嬉,164
矯,163
幺,163
骰,163
臀,163
籽,162
姥,162
鯉,162
灼,162
勛,162
髻,162
闐,162
氹,162
汛,162
銦,162
颅,161
熬,161
怠,161
膩,161
侬,161
燮,161
膺,161
蔔,160
癱,160
荼,160
呤,160
檳,160
撈,160
捞,160
鵡,159
曬,159
萼,159
慷,159
掖,159
韌,159
桅,159
眺,159
貂,159
砚,159
諺,158
燦,158
杠,158
怯,158
洒,158
璜,158
ē,158
轼,158
鏢,157
饪,157
炔,157
槿,157
闕,157
鎂,156
巽,156
桔,156
祜,156
濂,156
阱,156
靂,156
嘌,156
瀉,155
婷,155
筷,155
耍,155
薰,155
韧,155
陨,155
酗,155
孽,154
啓,154
裳,154
戳,154
渚,154
巍,154
鈽,154
涓,153
酌,153
凋,153
鳞,153
痴,153
粱,153
錳,153
贮,153
芮,153
邕,153
婁,152
揉,152
阙,152
颍,152
窘,151
崴,151
斂,151
烽,151
т,151
媛,151
錸,151
琊,151
蕙,150
寥,150
潟,150
俚,150
潞,150
雳,150
氓,150
弔,150
傻,150
涿,150
跤,149
鍛,149
歆,149
邺,149
夔,149
轿,148
梆,148
怜,148
圻,148
羰,148
躬,148
翘,148
瘓,147
僖,147
恼,147
嶠,146
稟,146
謗,146
窒,146
氐,146
弛,146
岔,146
攘,145
鸽,145
邳,145
躯,145
赚,145
暈,145
藓,145
л,145
撓,144
φ,144
谬,144
恃,144
锯,144
懈,144
郴,144
輾,144
畸,144
ا,144
柵,144
顫,144
訝,144
珂,144
蘑,144
鑀,144
趟,143
徭,143
瑣,143
潢,143
钨,143
駭,143
詭,142
踩,142
丫,142
謨,142
捻,142
戡,142
銣,142
筝,141
糞,141
摻,141
踞,141
湍,141
瞞,141
帘,141
ˊ,141
唆,141
訣,141
釉,141
鋨,141
柠,141
锺,140
剎,140
鵲,140
淦,140
娟,140
璇,139
懇,139
癮,139
愷,139
襯,139
遐,139
в,139
耸,138
諦,138
濠,138
桩,138
黴,137
叭,137
ㄧ,137
熄,137
晒,137
彷,137
紊,137
瀾,137
羹,137
摒,137
塹,137
燊,137
芎,137
銪,137
阗,136
婪,136
抖,136
遽,136
鱷,136
鍍,136
饋,135
攪,135
ô,135
澧,135
挠,135
毘,135
悶,134
â,134
颶,134
俩,134
茉,134
疵,134
笈,134
綺,134
幡,134
饷,134
窯,134
劈,133
蝇,133
烙,133
曳,133
叟,133
濬,133
謇,133
巅,132
箔,132
茱,132
暉,132
賃,132
孛,132
煜,132
馅,132
掺,131
谎,131
涧,131
詛,131
挨,131
Σ,131
馴,131
嶄,131
阆,130
愍,130
睾,130
鬍,130
赂,130
逕,130
岚,130
岂,130
й,130
宕,130
蹴,130
螯,130
嗅,129
礫,129
瀆,129
埼,129
摯,129
膾,129
钛,129
碲,129
涝,128
焙,128
亢,128
餉,128
兗,128
磐,128
顱,128
巒,128
娩,128
檜,128
桨,128
竄,127
挚,127
瘫,127
颤,127
嘧,127
槳,126
蠕,126
呀,126
猷,126
佟,126
馥,126
凑,126
鋸,126
铬,126
镍,126
賂,126
秧,126
樁,126
漯,126
坵,126
烛,125
羁,125
訛,125
龛,125
礽,125
撮,124
κ,124
ō,124
蛟,124
儁,124
镰,124
梢,124
飪,124
à,124
鸾,124
譏,124
椿,124
壠,124
澈,123
喂,123
穫,123
豔,123
氪,123
袞,123
砀,123
曠,122
嚮,122
伎,122
赓,122
Δ,122
羔,122
珞,122
苞,121
辗,121
诠,121
瞒,121
樽,121
羈,121
耽,121
桢,121
忻,121
歙,121
ū,121
鴿,121
氾,121
吒,121
繇,120
叩,120
脖,120
轍,120
琥,120
睞,120
夯,120
萤,120
挟,119
馀,119
柚,119
巔,119
锣,119
诰,119
莪,119
皿,119
謁,119
薨,119
沥,119
な,119
虢,119
蒨,119
澡,118
θ,118
勐,118
う,118
尬,118
喧,118
齦,118
堃,118
洵,118
钵,118
絮,118
锷,118
鉬,118
髒,118
冼,118
η,117
俶,117
絹,117
祉,117
瀚,117
驸,117
鉻,117
鮫,117
骷,117
晕,117
瞳,117
し,117
鐿,117
韭,117
簾,116
撇,116
粲,116
菠,116
糜,116
輟,116
泻,116
貯,116
啄,116
蛤,116
苇,116
殯,115
蚁,115
谒,115
痪,115
涩,115
鈈,115
蜿,115
秤,115
賑,115
灿,114
痊,114
宸,114
掙,114
鸞,114
靳,114
芸,114
瞰,114
闍,114
跻,113
吼,113
刁,113
碌,113
鴕,113
贻,113
く,113
瓮,113
韃,113
榷,113
皱,113
荥,113
佼,112
餚,112
岌,112
釵,112
辕,112
恳,112
甩,112
觅,112
龔,112
贱,112
琮,112
甌,112
菟,111
瀧,111
捣,111
に,111
卞,111
峒,111
枉,111
俏,111
鷺,111
旷,111
睐,110
寞,110
匮,110
曇,110
棗,110
佯,110
闷,110
鷗,110
ç,110
嫂,110
俟,110
銨,110
驃,110
篠,110
镐,110
卅,109
袒,109
妳,109
吩,109
浇,109
蝎,109
拇,109
棧,109
ل,109
侷,109
柿,109
鎚,109
驢,109
驪,109
蜴,109
蜒,108
飆,108
哗,108
瑋,108
谤,108
猝,108
ト,108
镀,108
遴,108
嵋,108
瑩,108
紇,108
瑭,108
羥,108
氘,108
蝉,107
絃,107
と,107
蚓,107
秃,107
勺,107
诅,107
醃,107
鵑,107
氬,107
俳,107
琢,107
誹,107
訥,107
羡,107
鐮,107
崂,107
粪,106
渎,106
湮,106
ㄨ,106
垩,106
腻,106
碉,106
殴,106
闾,106
か,106
蒯,106
鋯,106
榭,106
燧,106
筲,106
娠,106
圃,106
舫,106
釁,105
狡,105
懶,105
诣,105
肄,105
唔,105
挣,105
亟,105
ス,105
た,105
忱,105
罔,105
斛,105
峯,105
鰓,105
萱,105
紓,104
啼,104
嗽,104
撾,104
隍,104
匱,104
骡,104
ˇ,104
聳,104
綾,104
榻,103
斟,103
嵐,103
ß,103
媲,103
峇,103
掣,103
栎,103
螞,103
蹲,103
絳,103
藕,102
蠡,102
撻,102
窺,102
帷,102
禿,102
蕲,102
谿,102
蕪,101
懦,101
幔,101
坳,101
瀝,101
箏,101
哮,101
鐳,101
柘,101
爻,101
疮,100
絨,100
楹,100
錘,100
搅,100
叡,100
莹,100
闓,100
浬,100
鄢,100
坻,100
昵,99
菏,99
帑,99
谚,99
潇,99
嗓,99
锈,99
屎,99
昐,99
餃,99
剷,98
檯,98
嘔,98
疤,98
瞩,98
抉,98
拮,98
黍,98
腌,98
誥,98
蠔,98
昕,98
鎘,98
钷,98
韜,97
衅,97
犍,97
沔,97
ん,97
覃,97
歹,97
嚼,97
儼,97
轭,97
峴,97
穰,97
昶,97
弒,97
阕,97
嫦,96
搗,96
詣,96
葺,96
荻,96
敍,96
柝,96
囉,96
撃,96
芾,96
穢,95
褻,95
稹,95
蟒,95
揪,95
濡,95
ê,95
钼,95
鏽,95
褫,95
癖,95
钒,95
渺,94
豌,94
矫,94
猖,94
薊,94
醴,94
陲,94
娲,94
м,94
睽,94
筵,94
岬,94
脯,94
蚵,94
ㄚ,94
邈,93
鄞,93
翹,93
媧,93
纶,93
醍,93
醐,93
乂,93
乖,93
涸,93
鑫,93
霰,93
饉,93
癲,92
佤,92
釗,92
绶,92
窖,92
揣,92
ə,92
儂,92
劭,92
钴,92
檄,92
顗,92
徊,91
É,91
槲,91
诡,91
颌,91
铂,91
榘,91
辫,91
镧,91
隈,91
吡,91
绢,91
漩,91
蘚,91
徘,90
煇,90
ま,90
櫚,90
賬,90
漬,90
孰,90
邛,90
輒,90
麴,90
璐,90
咄,90
蜃,90
蠅,90
禀,90
栩,90
骊,89
薈,89
譙,89
吶,89
褪,89
珥,89
耒,89
贲,89
辮,89
淝,89
鄲,89
д,89
妲,89
瑯,89
у,89
瘠,89
醯,89
が,89
鏑,89
浜,88
螂,88
鶻,88
ル,88
郗,88
裨,88
磊,88
朐,88
冪,88
憫,88
傢,88
珮,88
饺,88
轲,88
铋,88
馃,88
閑,87
鄯,87
蛻,87
铢,87
り,87
瀰,87
æ,87
鑾,87
曦,87
汜,87
熒,87
錕,87
祆,87
奬,86
嵯,86
忏,86
濑,86
鎬,86
霑,86
厕,86
阇,86
る,86
谯,86
槓,86
鍇,86
鏐,86
讶,85
澶,85
杵,85
蛾,85
碾,85
崭,85
撿,85
紜,85
瘡,85
軛,85
錨,85
锴,85
鳃,85
霾,84
敝,84
诽,84
梟,84
孪,84
螃,84
谔,84
磴,84
玟,84
颉,83
鱲,83
リ,83
殭,83
炖,83
煦,83
炽,83
苴,83
彿,83
ラ,83
踵,83
徕,83
爰,83
蟠,83
璉,83
鈍,83
纣,83
蚩,83
桦,82
逞,82
痰,82
掏,82
疚,82
羨,82
囂,82
眩,82
涟,82
碚,82
脩,82
綬,82
鑥,82
擂,82
婺,82
浣,82
笺,82
娑,82
龢,81
掳,81
颓,81
滌,81
腋,81
邃,81
啞,81
凄,81
蹶,81
悯,81
辍,81
貽,81
髦,81
囿,81
昰,81
缢,81
筮,81
蔷,81
瘾,81
濛,81
葦,81
槌,81
昴,81
牯,81
髅,81
羿,81
觐,80
垢,80
荟,80
匕,80
恿,80
榈,80
麂,80
炊,80
昺,80
み,80
禛,80
弑,80
扒,80
朊,80
皙,80
唁,80
滷,80
錼,80
娼,79
砵,79
醞,79
纥,79
腭,79
ク,79
痺,79
г,79
閹,79
碇,79
湳,79
疍,79
艏,79
馗,79
钗,79
勗,79
皺,78
蚯,78
壑,78
讹,78
綦,78
慑,78
ر,78
岀,78
拚,78
碁,78
矗,78
蜑,78
峦,77
楣,77
辙,77
泓,77
昀,77
叻,77
琨,77
噩,77
尻,77
緋,77
绮,77
哑,77
懒,77
駙,77
イ,77
疽,77
恙,77
簫,77
凳,77
燾,77
嚨,77
澍,77
屹,76
澆,76
銫,76
贅,76
砦,76
鎧,76
弭,76
甯,76
罄,76
綸,76
鰲,76
疱,76
様,76
屁,76
鏞,75
窪,75
赈,75
涕,75
忿,75
噁,75
嘻,75
蜍,75
鈷,75
ア,75
囪,75
糠,75
胄,75
筏,75
þ,75
鿫,75
拗,74
蚂,74
嘩,74
嚐,74
锚,74
き,74
僳,74
窥,74
Ω,74
潁,74
痹,74
鎵,74
湟,74
鼬,74
涮,74
埴,74
貘,73
籬,73
钝,73
锄,73
亘,73
娇,73
縊,73
矾,73
つ,73
畑,73
燙,73
誨,73
呵,73
佞,73
嵬,73
て,73
靓,73
蛹,73
汨,73
邾,73
枇,73
匝,73
銩,73
璨,72
讥,72
獗,72
ñ,72
沓,72
烨,72
鏗,72
隽,72
頹,72
鮪,72
驹,72
ό,72
呕,72
讒,72
碣,72
剽,72
杷,72
閤,72
鐨,72
朮,71
癢,71
憚,71
颚,71
塽,71
怛,71
緹,71
ら,71
筱,71
獾,71
飙,71
郦,71
ㄛ,71
酝,71
橇,71
銃,71
僮,71
ζ,71
黻,70
嶂,70
嗟,70
秽,70
詬,70
躋,70
晟,70
鏟,70
脐,70
郫,70
蝗,70
ㄜ,70
涤,70
駢,70
讖,70
咭,70
椴,70
ŋ,69
馭,69
鬣,69
悚,69
嫖,69
窜,69
儋,69
邙,69
癫,69
鹫,69
繕,69
瘧,69
璟,69
醮,69
鳄,69
貳,69
漪,69
媾,69
騫,69
苳,69
腑,69
燉,69
曄,69
鑪,69
驊,69
铷,69
捩,68
は,68
鸥,68
昙,68
傈,68
刎,68
螳,68
鎔,68
镌,68
垓,68
墻,68
稗,68
粑,68
癡,68
鑣,68
浔,68
瑗,68
悌,68
俺,68
垛,68
阡,68
甪,67
陟,67
琏,67
澗,67
瀟,67
眈,67
祗,67
鉉,67
槎,67
飓,67
琬,67
懺,67
µ,67
蜚,67
煒,67
氩,67
錠,67
竑,67
盂,67
镭,67
銮,67
嚣,67
笏,67
頜,67
嫪,67
鎶,67
莺,66
ί,66
υ,66
阖,66
诂,66
圜,66
铵,66
ь,66
蓼,66
呐,66
偈,66
骈,66
婕,66
ø,66
鈀,66
鈁,66
嶝,66
玑,65
鸢,65
煲,65
龕,65
淖,65
甕,65
缽,65
酈,65
瑁,65
я,65
š,65
雹,65
椁,65
紂,65
徠,65
莘,65
毐,65
钍,65
菽,65
飭,64
銖,64
羣,64
諏,64
剋,64
淒,64
腮,64
縻,64
霓,64
恣,64
燬,64
滎,64
晗,64
覲,64
閂,64
脍,64
猥,64
蔻,64
踝,64
耜,64
鹗,64
涇,64
蕎,64
蹂,63
仞,63
査,63
礬,63
逅,63
驤,63
钰,63
鰻,63
撣,63
囤,63
圀,63
茗,63
宓,63
鈰,63
あ,63
锟,63
і,63
茸,63
瑷,63
臆,63
畠,63
犛,63
哙,63
戾,62
訢,62
邂,62
亵,62
洙,62
帚,62
扛,62
咯,62
驮,62
鸵,62
鬃,62
嚎,62
鸯,62
糸,62
挹,62
垠,62
钫,62
纭,61
燎,61
尷,61
翩,61
軻,61
刍,61
錮,61
哄,61
饵,61
蟄,61
阉,61
璘,61
驭,61
棻,61
鸳,61
褂,61
勰,60
煊,60
憬,60
痢,60
揀,60
溅,60
嗚,60
薔,60
蛊,60
謫,60
猾,60
荚,60
瘍,60
閭,60
晾,60
酣,60
れ,60
ʰ,60
攒,60
珈,60
鯤,60
麋,60
だ,60
揖,60
郓,60
ά,60
翎,60
鲧,60
饕,60
杼,60
鈇,60
ı,59
玷,59
墉,59
稔,59
詰,59
邽,59
銻,59
灝,59
蘸,59
を,59
欒,59
彊,59
赘,59
膿,59
ъ,59
謔,59
惋,59
岘,59
蠍,59
咕,59
佰,59
胭,59
姒,59
獼,59
頫,59
鍆,59
璁,59
玖,58
祟,58
赁,58
轶,58
镖,58
秣,58
恍,58
郯,58
罂,58
鋇,58
謚,58
锭,58
沣,58
骁,58
お,58
懾,58
骥,58
泮,58
蒽,58
畯,58
鳐,58
觴,57
憧,57
搓,57
閡,57
鳶,57
絆,57
髯,57
脷,57
邇,57
爍,57
砥,57
殡,57
焖,57
奐,57
孳,57
桉,57
槛,57
闺,57
钜,57
軼,57
漾,57
尴,57
淌,57
诒,57
沩,57
睫,57
釤,57
飩,57
粳,56
枭,56
こ,56
蜕,56
頰,56
矜,56
擷,56
掸,56
و,56
豺,56
シ,56
砾,56
п,56
Å,56
潦,56
谗,56
鳖,56
夙,56
铨,56
聾,56
隗,56
咱,56
痫,56
墘,56
鹀,56
钚,56
陉,56
餛,56
嘟,56
筊,56
鸸,56
鹋,56
鍩,56
缭,55
硯,55
辄,55
闇,55
骠,55
翱,55
蟆,55
烬,55
骇,55
弁,55
喫,55
烫,55
袜,55
さ,55
亶,55
藜,55
訇,55
酐,55
ㄋ,55
з,55
揄,54
挛,54
吝,54
鋤,54
箫,54
黥,54
嘶,54
燼,54
讧,54
镛,54
甾,54
驍,54
牦,54
毡,54
靄,54
焯,54
ㄝ,54
锢,54
桁,54
毌,54
盏,54
醌,54
粿,54
艉,54
ㄇ,54
篙,53
袈,53
芻,53
诀,53
淩,53
惫,53
瞧,53
硤,53
邗,53
晔,53
藹,53
殃,53
鴦,53
攫,53
簪,53
嚙,53
灃,53
颛,53
凈,53
餌,53
旻,53
蹦,53
滘,53
竅,53
妤,53
钳,53
頊,53
綝,53
賁,53
贓,52
裟,52
饬,52
朦,52
闔,52
爹,52
炆,52
え,52
谛,52
鴛,52
廝,52
逛,52
赧,52
牴,52
ㄩ,52
缕,52
遶,52
缎,52
芫,52
疣,52
颊,52
仝,52
拽,52
樗,52
貔,52
氚,52
ي,52
勖,51
寐,51
繃,51
茧,51
嬅,51
揶,51
銓,51
瓚,51
麿,51
菅,51
蠱,51
谶,51
拭,51
綻,51
吮,51
鱉,51
儷,51
も,51
埙,51
û,51
顼,51
珑,51
缙,51
ʔ,51
舔,51
傚,51
嗩,51
嚕,51
Γ,51
軫,51
리,51
洹,51
璀,50
す,50
م,50
伉,50
堇,50
ッ,50
嘅,50
蝸,50
曷,50
昉,50
栾,50
镂,50
勣,50
箇,50
茁,50
薙,50
爨,50
餮,50
劻,50
捺,50
噹,50
χ,49
盯,49
匐,49
藐,49
б,49
袤,49
ㄥ,49
糅,49
釧,49
胪,49
Λ,49
魷,49
ن,49
烁,49
荞,49
铪,49
ì,49
踊,49
盱,49
骞,49
蛰,49
絶,49
腱,49
逋,49
Α,49
訌,49
黟,49
犽,49
Π,48
鈎,48
迤,48
寛,48
蜗,48
啮,48
伕,48
譁,48
顒,48
钐,48
娴,48
蜓,48
锆,48
泠,48
嶇,48
墀,48
ã,48
毽,48
咆,48
濞,48
喋,48
濉,48
钯,48
釩,48
莿,48
呜,48
郤,48
尅,48
绫,47
珙,47
縷,47
膈,47
瓏,47
玕,47
闿,47
舂,47
趴,47
輓,47
で,47
蚶,47
莢,47
辻,47
坷,47
骅,47
袱,47
澂,47
倻,47
馍,47
𨧀,47
镓,47
箋,46
瑈,46
瓘,46
滂,46
渙,46
灞,46
鹳,46
曖,46
俎,46
黠,46
氈,46
綑,46
靚,46
呋,46
跛,46
溟,46
儕,46
澹,46
稞,46
讞,46
濯,46
蔺,46
塭,46
阑,46
釕,46
笞,46
獒,46
顔,46
鬩,46
讣,46
臏,46
瑀,46
菈,46
萣,46
啃,45
ύ,45
箸,45
や,45
疡,45
殁,45
徇,45
詆,45
錚,45
倔,45
佥,45
玳,45
嗪,45
砻,45
鏘,45
豉,45
夤,45
挞,45
湫,45
痉,45
诟,45
銠,45
扉,45
閨,45
皎,45
冑,45
眙,45
郅,45
蔘,45
鹑,45
鉝,45
擘,44
ψ,44
鞮,44
啉,44
觎,44
ひ,44
蛎,44
犒,44
诲,44
癇,44
箍,44
岫,44
オ,44
フ,44
螈,44
枷,44
軋,44
刨,44
痒,44
А,44
î,44
鶚,44
砧,44
绚,44
囱,44
ㄕ,44
殤,44
隹,44
杲,44
慟,44
憨,44
镤,44
嵊,44
ы,44
驷,44
簷,44
捶,44
衹,44
荖,44
萇,44
脓,43
觊,43
歿,43
洄,43
崽,43
訃,43
傩,43
諳,43
嬗,43
濺,43
腈,43
藔,43
铠,43
栉,43
哼,43
殇,43
ㄐ,43
殞,43
ㄓ,43
楫,43
轸,43
蹬,43
熠,43
蠣,43
姗,43
俨,43
娣,43
焓,43
宥,43
燻,43
锕,43
谘,43
鯀,43
呸,43
厮,42
擧,42
鉗,42
έ,42
瞪,42
崃,42
髏,42
ب,42
旃,42
龈,42
牘,42
茴,42
マ,42
靛,42
獐,42
ム,42
鎗,42
ч,42
瓠,42
慫,42
迩,42
隰,42
ㄙ,42
朧,42
庑,42
慤,42
蜆,42
荽,42
柞,42
湃,42
ò,42
狒,42
榖,42
貅,42
魟,42
庠,42
繚,42
恽,42
僥,41
ή,41
鮭,41
猗,41
暐,41
刽,41
堺,41
涎,41
捅,41
愕,41
緞,41
鄄,41
洶,41
磬,41
ˈ,41
銹,41
搪,41
ド,41
噻,41
鬻,41
琺,41
萘,41
鄜,41
辎,41
罡,41
脇,41
聋,41
蹋,41
蹊,41
鯓,41
诋,41
鏊,41
赳,41
涣,41
虱,41
耘,41
騾,41
唑,41
喆,41
铮,41
ʻ,41
坯,41
廍,41
ㄗ,41
髹,41
癟,41
㺢,41
㹢,41
狓,41
榛,40
ニ,40
Φ,40
摶,40
贰,40
钺,40
縝,40
恂,40
鹬,40
殮,40
カ,40
キ,40
焗,40
腴,40
訐,40
鄺,40
佇,40
鞦,40
玮,40
嘿,40
暧,40
ロ,40
帙,40
縉,40
糰,40
詼,40
涔,40
臍,40
咫,40
喾,40
鍶,40
赡,40
轆,40
鴯,40
鶓,40
仼,40
犊,40
銑,40
釙,40
å,40
呦,40
赉,40
闋,40
徳,39
拣,39
コ,39
ð,39
璠,39
覬,39
覦,39
褓,39
亙,39
楸,39
悝,39
慚,39
歳,39
ː,39
レ,39
盞,39
韆,39
瘴,39
郾,39
汊,39
痞,39
憊,39
铍,39
螭,39
鉢,39
焜,39
悸,39
晷,39
ㄅ,39
ㄏ,39
磾,39
阋,39
皝,38
妞,38
鍔,38
ち,38
睬,38
褥,38
怂,38
侥,38
獠,38
诩,38
輜,38
膊,38
雎,38
蜻,38
湣,38
攣,38
詡,38
贄,38
镉,38
譞,38
猕,38
痲,38
踴,38
仃,38
蘅,38
阂,38
荳,38
篱,38
簋,38
ł,38
敎,38
铈,38
圯,38
脲,38
彘,38
雩,38
觞,38
嘜,38
諍,38
蹇,38
溆,38
鳔,38
珣,37
珩,37
グ,37
徨,37
琿,37
眨,37
贽,37
わ,37
鬨,37
鮎,37
恫,37
佢,37
谑,37
瘀,37
耙,37
噌,37
淬,37
嶋,37
鲫,37
蕈,37
僉,37
鷲,37
奂,37
缨,37
芗,37
剁,37
皰,37
瀘,37
咲,37
兢,37
圉,37
瘁,37
倣,37
钋,37
ㄉ,37
洭,37
浈,37
蜢,36
ミ,36
Β,36
繭,36
匍,36
謐,36
杳,36
顥,36
璿,36
鸻,36
瓢,36
荤,36
悴,36
綵,36
锗,36
涞,36
乩,36
С,36
け,36
テ,36
恸,36
ㄠ,36
蓓,36
П,36
В,36
懊,36
ㄣ,36
闼,36
翳,36
厓,36
紘,36
秆,36
孑,36
磕,36
苎,36
箧,36
孿,36
顓,36
祛,36
荪,36
К,36
俁,36
ǎ,36
輦,36
ㄭ,36
嚳,36
蕻,36
ɑ,35
苜,35
蓿,35
蚤,35
莠,35
ょ,35
豢,35
愫,35
戕,35
蹼,35
卐,35
慄,35
蟀,35
汹,35
鎏,35
ㄢ,35
櫟,35
拈,35
袂,35
钤,35
诘,35
枞,35
嗇,35
泯,35
臚,35
遒,35
骯,35
ㄒ,35
ㄑ,35
膦,35
喔,35
肱,35
憔,35
鸕,35
炕,35
濊,35
崤,35
泺,34
堉,34
鏖,34
碴,34
閼,34
儺,34
緘,34
凜,34
绊,34
渌,34
芡,34
ブ,34
蒴,34
瞽,34
č,34
佾,34
痙,34
搔,34
舛,34
아,34
惺,34
禩,34
骜,34
戦,34
惮,34
迨,34
ジ,34
脛,34
蜈,34
鉞,34
瓒,34
ㄘ,34
馄,34
饨,34
雋,34
僰,34
詧,34
Ａ,34
煨,34
ろ,33
豕,33
鹈,33
轧,33
砭,33
郧,33
岖,33
鉸,33
鍰,33
妣,33
窿,33
碛,33
诙,33
捡,33
ù,33
琤,33
秭,33
閎,33
黝,33
醪,33
颙,33
颢,33
痤,33
蟜,33
揍,33
铣,33
ý,33
劢,33
ㄔ,33
鲠,33
驥,33
鲟,33
嫣,32
灏,32
蔴,32
竦,32
铿,32
锵,32
馒,32
Н,32
萜,32
鉿,32
鐽,32
哌,32
脣,32
ㄌ,32
鬲,32
嘘,32
牍,32
燁,32
抟,32
箝,32
霏,32
堑,32
佘,32
蚣,32
鄔,32
烩,32
ǣ,32
櫥,32
倬,32
忡,32
鳗,32
鐫,32
э,32
蒞,32
よ,32
滹,32
楙,32
斫,32
貊,31
緲,31
滏,31
壅,31
躪,31
搐,31
瞥,31
っ,31
啜,31
凛,31
胳,31
銬,31
丶,31
ɛ,31
橱,31
贍,31
タ,31
ナ,31
簸,31
詒,31
幀,31
嘢,31
ă,31
س,31
蛄,31
窰,31
卬,31
谪,31
啻,31
勱,31
躉,31
纍,31
邡,31
浯,31
礴,31
鄩,31
牂,31
藁,31
馱,31
玠,31
エ,31
硏,31
迢,31
И,31
睜,31
嬸,31
枹,31
逖,31
砒,31
矇,31
苾,31
晳,31
鷸,30
槤,30
卟,30
ㄊ,30
柢,30
璦,30
र,30
喱,30
孱,30
衊,30
繽,30
睪,30
窈,30
蚴,30
絀,30
葩,30
嗔,30
镳,30
ɪ,30
仡,30
粧,30
禕,30
嵙,30
溏,30
阈,30
苕,30
ㄆ,30
瑄,30
辇,30
凪,30
樾,30
擀,30
х,30
泷,30
侂,30
腧,30
趵,29
儆,29
癥,29
窍,29
襁,29
眶,29
鬟,29
槻,29
丏,29
د,29
栃,29
鼹,29
Г,29
榫,29
Θ,29
刈,29
躏,29
佶,29
掾,29
鶉,29
泱,29
蕤,29
ㄡ,29
珉,29
臾,29
玆,29
ư,29
戸,29
蚝,29
鱈,29
嘹,29
蝌,29
卽,29
梶,29
鵜,29
褔,29
炘,29
ㄫ,29
ㄍ,29
犼,29
迸,28
掐,28
狽,28
忤,28
翕,28
嶷,28
幄,28
崆,28
め,28
鏵,28
胯,28
纓,28
啖,28
驄,28
藺,28
赃,28
饗,28
Т,28
ʼ,28
萸,28
愎,28
䓬,28
蓥,28
酆,28
葭,28
緱,28
鈸,28
濘,28
獺,28
詁,28
惭,28
纾,28
諤,28
堝,28
醱,28
晞,28
泚,28
韫,28
痍,28
跗,28
洸,28
ㄈ,28
Κ,28
蟋,28
瑠,28
餞,28
嘈,28
藷,28
罘,28
ɕ,28
驩,28
鏷,28
禵,28
阏,27
谧,27
绾,27
鸱,27
ž,27
仟,27
莅,27
槨,27
缄,27
ه,27
酞,27
粕,27
じ,27
ㄞ,27
囍,27
釓,27
訖,27
钽,27
鈳,27
ة,27
桷,27
Б,27
呻,27
Ｂ,27
琇,27
磔,27
ج,27
騭,27
璣,27
镠,27
潯,27
Đ,27
獭,27
哦,27
峄,27
ṣ,27
臬,27
ㄖ,27
坩,27
豨,27
钆,27
塬,27
唧,27
坌,27
圮,27
鲱,27
樫,27
眞,27
廪,27
鍙,27
狁,27
峩,27
籀,27
鉨,27
傕,27
唃,27
狎,26
鳕,26
Ε,26
莜,26
秸,26
鄚,26
セ,26
鸊,26
鷉,26
י,26
胫,26
肮,26
サ,26
嚥,26
闳,26
碓,26
惘,26
鹞,26
Ο,26
苧,26
栻,26
砺,26
闱,26
骧,26
悫,26
咙,26
碭,26
晩,26
嚏,26
浞,26
噗,26
芍,26
薏,26
鴷,26
皴,26
纫,26
跷,26
塱,26
輋,26
赭,26
仫,26
嵴,26
º,26
鹌,26
潺,26
儸,26
禑,26
鬬,26
榧,26
癬,25
郛,25
扦,25
谙,25
咩,25
撩,25
禰,25
頼,25
禳,25
ḥ,25
ع,25
謄,25
疸,25
埂,25
惚,25
蔼,25
ィ,25
バ,25
チ,25
ダ,25
拴,25
讫,25
廨,25
ц,25
懽,25
У,25
錡,25
М,25
이,25
韞,25
鄣,25
驺,25
苋,25
纔,25
枸,25
嗤,25
虬,25
裱,25
ワ,25
俅,25
狛,25
関,25
骝,25
箓,25
嵗,25
蚪,25
蠹,25
嗆,25
涑,25
铌,25
槊,25
铰,25
钕,25
椋,25
嶸,25
畀,25
潽,25
糍,25
暠,25
羱,25
謾,25
樛,25
峤,24
葷,24
遹,24
闌,24
湎,24
ו,24
霭,24
劊,24
ร,24
ャ,24
増,24
痂,24
筐,24
缜,24
絛,24
Ø,24
栢,24
蠲,24
厩,24
嚷,24
勅,24
笮,24
浍,24
ふ,24
飒,24
噱,24
遑,24
妫,24
ṭ,24
駡,24
熲,24
燔,24
仵,24
ガ,24
惲,24
虺,24
杓,24
ウ,24
饅,24
腩,24
椪,24
ɔ,24
噓,24
廩,24
畹,24
鈧,24
鶘,24
絢,24
ㄟ,24
杙,24
ć,24
睁,24
犸,24
暎,24
鍅,24
秈,24
墬,24
枱,23
硃,23
鲑,23
怆,23
鯰,23
愨,23
撬,23
ت,23
犄,23
窠,23
諂,23
榎,23
坨,23
篾,23
ш,23
绷,23
祏,23
暄,23
邰,23
瞌,23
ʿ,23
唢,23
钹,23
殓,23
尕,23
倜,23
瞼,23
ń,23
咁,23
巿,23
俪,23
漣,23
髀,23
豊,23
髖,23
绯,23
鴞,23
薮,23
祧,23
鳝,23
孖,23
槭,23
砹,23
菓,23
籼,23
ś,23
錀,23
輅,23
橚,23
ʨ,23
蛭,22
ʃ,22
蚱,22
犢,22
縈,22
姫,22
Ü,22
埸,22
蔵,22
茔,22
酎,22
捱,22
ж,22
踰,22
ュ,22
璩,22
跸,22
ก,22
า,22
メ,22
埭,22
啬,22
蹙,22
汎,22
赍,22
胧,22
忞,22
閲,22
峠,22
羸,22
轫,22
莼,22
跖,22
灤,22
铛,22
酊,22
聃,22
佺,22
衽,22
紈,22
嘸,22
鎿,22
譎,22
嫘,22
鵪,22
畬,22
嘓,22
遨,22
廡,22
扃,22
袴,22
滉,22
Ö,22
礪,22
檎,22
铥,22
丼,22
暅,22
ş,21
闫,21
洺,21
泐,21
窣,21
鸫,21
愆,21
拏,21
ی,21
鏤,21
込,21
罌,21
ビ,21
覡,21
糌,21
窕,21
ę,21
鲢,21
Ф,21
谌,21
珺,21
喹,21
徬,21
螅,21
甑,21
唬,21
淼,21
纛,21
菀,21
萦,21
魘,21
伝,21
酃,21
Č,21
誊,21
貉,21
芪,21
阯,21
俣,21
猊,21
嬋,21
鬓,21
毎,21
庖,21
盅,21
弢,21
饯,21
椽,21
犷,21
溱,21
噍,21
囗,21
觜,21
ق,21
佉,21
浛,21
鲈,20
冏,20
鞣,20
惻,20
ハ,20
紺,20
冽,20
狷,20
蜇,20
ï,20
埇,20
録,20
専,20
闞,20
陘,20
痔,20
騁,20
歴,20
漈,20
蘄,20
攙,20
荠,20
楂,20
ノ,20
纘,20
棂,20
笳,20
圹,20
苫,20
蓆,20
菰,20
贗,20
垟,20
炜,20
凫,20
嬤,20
猬,20
缬,20
璈,20
骋,20
蚜,20
砈,20
籐,20
蹺,20
噲,20
鹄,20
纨,20
鵠,20
铳,20
諛,20
鲇,20
鶿,20
摈,20
劄,20
滓,20
咧,20
幷,20
鯛,20
崮,20
哖,20
ば,20
啰,20
眜,20
म,20
霁,20
掰,20
孃,20
鸨,20
桫,20
榊,20
娉,20
侑,20
煚,20
鴟,20
鍘,20
ม,20
襦,20
鬢,20
鱘,20
랑,19
笆,19
溘,19
髙,19
綰,19
क,19
讴,19
彫,19
牝,19
躇,19
õ,19
廸,19
摑,19
蓀,19
酢,19
寔,19
祓,19
ず,19
Μ,19
鯡,19
ě,19
哋,19
偁,19
噎,19
เ,19
ง,19
骘,19
哒,19
釹,19
莧,19
珐,19
卍,19
燄,19
ξ,19
舯,19
幗,19
舐,19
楝,19
崞,19
ब,19
匏,19
铧,19
馕,19
砜,19
捎,19
Χ,19
詝,19
耨,19
讪,19
钇,19
त,19
疋,19
锝,19
ㄤ,19
鼷,19
埵,19
न,19
鹕,19
勷,19
綎,19
湜,18
叵,18
逹,18
蟑,18
び,18
邬,18
プ,18
ズ,18
煅,18
阊,18
眸,18
鱿,18
ר,18
珏,18
绽,18
沆,18
鲛,18
镯,18
ش,18
邠,18
樋,18
舎,18
霽,18
そ,18
モ,18
疃,18
濰,18
蠑,18
冇,18
莨,18
楮,18
眦,18
Я,18
蓁,18
殽,18
烝,18
禥,18
淙,18
せ,18
倮,18
齶,18
蛆,18
咗,18
颀,18
螫,18
戢,18
廑,18
嵘,18
蛀,18
乜,18
苣,18
閾,18
諉,18
楯,18
齮,18
ツ,18
炁,18
諴,18
曩,18
総,18
庯,18
屭,18
籁,18
麸,18
惣,18
鋌,18
摭,18
肓,18
卮,18
ŭ,18
𥙿,18
挈,18
钌,18
闥,18
裆,18
舀,18
ộ,18
魍,18
蚋,18
趺,18
粼,18
牁,18
臃,18
氽,18
鹱,18
ה,18
钬,18
稙,18
闩,18
镆,18
氿,18
傖,18
饹,18
𝑝,18
𝑥,18
谄,17
柰,17
椹,17
倌,17
瀍,17
餒,17
嗡,17
萩,17
绦,17
О,17
逶,17
ą,17
畈,17
洎,17
櫛,17
叁,17
痿,17
œ,17
荸,17
枳,17
徂,17
歟,17
巂,17
掬,17
舢,17
貍,17
殻,17
淸,17
ど,17
糴,17
豸,17
髂,17
疝,17
Р,17
剜,17
胛,17
礡,17
狍,17
ز,17
噢,17
菖,17
蓣,17
檗,17
べ,17
騏,17
熺,17
豳,17
剡,17
郏,17
謳,17
ف,17
飴,17
स,17
Á,17
桎,17
敉,17
蓑,17
蹠,17
洧,17
獷,17
鼩,17
囒,17
葑,17
缯,17
垸,17
飚,17
髑,17
冨,17
鯖,17
璥,17
ħ,17
镨,17
อ,17
湉,17
驒,17
巋,17
灕,17
浤,17
襖,17
餑,17
昪,17
㬌,17
嗲,17
𡒉,17
鱂,16
廆,16
Η,16
睇,16
罟,16
蓖,16
邋,16
遢,16
ב,16
驁,16
顳,16
ح,16
訕,16
巻,16
ぐ,16
ф,16
皚,16
嬷,16
鎭,16
鄖,16
毬,16
鰹,16
嶙,16
覈,16
Ψ,16
ギ,16
藿,16
牖,16
叼,16
蜱,16
囓,16
啥,16
飨,16
斓,16
प,16
枰,16
伫,16
痣,16
両,16
郷,16
ね,16
Τ,16
竽,16
貲,16
猞,16
猁,16
ى,16
渍,16
樨,16
啪,16
茯,16
跩,16
櫸,16
黷,16
柒,16
獴,16
贔,16
棨,16
聵,16
呱,16
郇,16
蛉,16
梏,16
犰,16
狳,16
诤,16
蛞,16
蝓,16
賡,16
屐,16
嵛,16
汆,16
蕹,16
酩,16
黼,16
褡,16
郜,16
椤,16
髡,16
鐲,16
鰩,16
逄,16
Ι,16
塩,16
đ,16
醢,16
捒,16
鷀,16
澇,16
堦,16
ṇ,16
梿,16
鸛,15
嗉,15
麩,15
扺,15
ゃ,15
ぎ,15
啲,15
扪,15
衎,15
歛,15
菘,15
哚,15
侪,15
鎦,15
觇,15
翮,15
拄,15
僞,15
衲,15
ゆ,15
ա,15
岙,15
屉,15
魇,15
祎,15
傥,15
怅,15
デ,15
菴,15
悵,15
铐,15
铚,15
峥,15
镒,15
鯽,15
ネ,15
ʂ,15
芈,15
玘,15
ǐ,15
闈,15
嚈,15
パ,15
娓,15
値,15
鍼,15
疳,15
蜊,15
肼,15
撚,15
籟,15
軔,15
旰,15
歩,15
痱,15
芨,15
य,15
帯,15
鋱,15
伋,15
癘,15
ㄬ,15
钪,15
疙,15
瘩,15
鏃,15
鱸,15
鏌,15
毂,15
铙,15
霎,15
侁,15
魨,15
鸰,15
鎰,15
熜,15
毖,15
暝,15
昞,15
Ｐ,15
臊,14
僊,14
沢,14
繖,14
Ḥ,14
鸪,14
א,14
磧,14
猃,14
譟,14
堠,14
繻,14
澠,14
觚,14
ะ,14
尙,14
蒺,14
缫,14
鳜,14
薜,14
劏,14
瀬,14
舘,14
堞,14
騮,14
掇,14
浠,14
獬,14
鹇,14
饌,14
揹,14
偎,14
姉,14
瞑,14
祢,14
ʒ,14
ɣ,14
谲,14
ゲ,14
鄆,14
谩,14
賨,14
邲,14
睺,14
嘀,14
祔,14
佻,14
禔,14
笄,14
蓍,14
萁,14
ك,14
粄,14
屌,14
壆,14
茍,14
赊,14
ェ,14
焱,14
牀,14
璆,14
樉,14
Ц,14
俵,14
冴,14
醺,14
胝,14
Л,14
Ν,14
ё,14
柷,14
睚,14
铊,14
鐒,14
戉,14
茭,14
郿,14
鰥,14
鋆,14
傜,14
眛,14
槁,14
郕,14
縯,14
鳧,14
箬,14
鹛,14
曔,14
嶧,14
凇,14
袄,14
昖,14
畦,14
𝐹,14
𝑆,14
𝑈,14
Ç,13
菑,13
啕,13
痈,13
谀,13
罈,13
ῶ,13
篝,13
鹧,13
蝮,13
ल,13
扆,13
竪,13
蝟,13
ʾ,13
Ｏ,13
鈐,13
鍚,13
篪,13
袛,13
禊,13
ſ,13
吲,13
愣,13
鉚,13
叨,13
Ｘ,13
馔,13
哎,13
淓,13
紉,13
閬,13
น,13
ボ,13
ʊ,13
ώ,13
砝,13
旖,13
徼,13
恚,13
胼,13
嫄,13
缑,13
泫,13
卹,13
罽,13
蜷,13
Ñ,13
綆,13
慳,13
捭,13
ʷ,13
暌,13
嘍,13
姘,13
瓐,13
柊,13
噠,13
穏,13
黒,13
ョ,13
㶞,13
屄,13
睑,13
ơ,13
铤,13
倨,13
鄠,13
籾,13
掟,13
邶,13
骀,13
迳,13
翥,13
韪,13
铑,13
劼,13
铱,13
癜,13
蛔,13
尪,13
خ,13
輳,13
筴,13
讎,13
赝,13
眭,13
廙,13
苄,13
颯,13
咋,13
蝰,13
鸩,13
棡,13
贇,13
鐺,13
ｍ,13
고,13
시,13
자,13
懵,13
ʦ,13
ị,13
氕,13
禟,13
憍,13
笪,13
哽,13
赕,13
琫,13
ط,13
廼,13
치,13
滆,13
尢,13
廄,13
蜩,13
煖,13
ㆡ,13
ĝ,13
潴,13
蜉,13
蝣,13
唵,13
苌,12
扵,12
橐,12
葚,12
ა,12
𨮁,12
篦,12
旸,12
鲶,12
ご,12
蹭,12
斕,12
崢,12
璫,12
Ｖ,12
棹,12
呗,12
皞,12
綉,12
ㄎ,12
藦,12
镥,12
殄,12
鷂,12
Е,12
ә,12
㬎,12
琜,12
ῖ,12
拧,12
盥,12
茬,12
齧,12
円,12
พ,12
搀,12
旎,12
淠,12
颞,12
畋,12
Ｃ,12
蛸,12
篥,12
鯇,12
橹,12
嬖,12
膂,12
恵,12
泅,12
紥,12
ほ,12
勲,12
ह,12
ɡ,12
Υ,12
砮,12
犴,12
锜,12
芩,12
巯,12
訾,12
镗,12
ヤ,12
琚,12
髪,12
鼋,12
廛,12
嗯,12
桡,12
ǔ,12
魎,12
虯,12
恻,12
侔,12
袢,12
駅,12
煴,12
塙,12
燴,12
鎇,12
狻,12
蛳,12
铟,12
劵,12
鱒,12
鉺,12
藪,12
県,12
ヒ,12
げ,12
寃,12
覇,12
鹟,12
綷,12
稈,12
実,12
寳,12
洣,12
熨,12
勔,12
攢,12
羕,12
鑊,12
殫,12
鑠,12
禨,12
缶,12
腆,12
蚺,12
铽,12
旄,12
喵,12
泞,12
Ｄ,12
镞,12
栴,12
薌,12
燏,12
缗,12
媞,12
Š,12
詎,12
杌,12
謖,12
瑱,12
禡,12
嗒,12
ㆢ,12
馓,12
圏,11
仂,11
頠,11
詫,11
ヨ,11
悽,11
噤,11
徴,11
Ā,11
唉,11
ת,11
覧,11
殚,11
嗢,11
缤,11
鳅,11
鳏,11
汭,11
מ,11
绉,11
膘,11
盩,11
厔,11
嗨,11
躊,11
ɐ,11
捂,11
駄,11
嵒,11
蒗,11
癣,11
峋,11
啾,11
ǫ,11
烜,11
Þ,11
簣,11
賒,11
掄,11
锛,11
Ō,11
噫,11
垭,11
怙,11
惦,11
菻,11
诧,11
隣,11
嘖,11
镣,11
ぶ,11
芊,11
耷,11
衾,11
蘖,11
薺,11
鰾,11
漉,11
刖,11
筧,11
閦,11
蕅,11
鄫,11
壙,11
庲,11
柽,11
蒡,11
桕,11
躅,11
ペ,11
ゴ,11
缵,11
裒,11
瘙,11
鴆,11
蹉,11
岢,11
桤,11
繋,11
鄮,11
羋,11
恁,11
惆,11
篋,11
绀,11
籓,11
銲,11
颳,11
渟,11
砬,11
栌,11
蕷,11
欹,11
ğ,11
鉄,11
ż,11
鳾,11
ㄦ,11
ㆬ,11
槱,11
漥,11
羆,11
瓔,11
絜,11
哏,11
瞾,11
陜,11
懐,11
纈,11
衪,11
坧,11
鹜,11
訚,11
へ,11
窋,11
麐,11
搵,11
秫,11
橈,11
薹,11
라,11
钣,11
魑,11
ע,11
ד,11
妩,11
潸,11
忝,11
诜,11
鴴,11
鼇,11
庥,11
鄘,11
ข,11
頷,11
ℝ,11
劌,11
荩,11
暘,11
媵,11
炅,11
瘸,11
ⁿ,11
ㆦ,11
ㆤ,11
伢,11
杩,11
玁,11
邘,11
㝅,11
茕,10
鈿,10
鑷,10
詘,10
跣,10
骶,10
筌,10
晙,10
濶,10
鲣,10
獰,10
鲅,10
鯪,10
瘢,10
鳉,10
効,10
嗑,10
ゅ,10
妺,10
驌,10
廻,10
拎,10
З,10
鳙,10
Ξ,10
陔,10
芃,10
籙,10
ј,10
厰,10
辂,10
泖,10
竜,10
诔,10
龁,10
璝,10
渑,10
愬,10
鬘,10
帏,10
鋮,10
齟,10
齬,10
鱟,10
茆,10
痠,10
坖,10
魴,10
龋,10
髋,10
伾,10
癩,10
趼,10
骖,10
浡,10
抡,10
霈,10
鍥,10
撵,10
胍,10
鉆,10
攷,10
壸,10
燹,10
栝,10
籥,10
咝,10
逑,10
鹮,10
鲵,10
铆,10
萋,10
哂,10
ṃ,10
胴,10
琹,10
旒,10
々,10
婀,10
婶,10
欤,10
岞,10
坭,10
瑆,10
ἀ,10
昃,10
嗦,10
鉕,10
정,10
ㆭ,10
逯,10
旉,10
饸,10
狈,10
昫,10
鯁,10
嫵,10
鿬,10
浐,10
殛,10
畤,10
ɿ,10
姞,10
Х,10
馑,10
櫓,10
하,10
澥,10
慵,10
賅,10
ʑ,10
인,10
鹡,10
掴,10
丨,10
鳯,10
埜,10
賚,10
蹻,10
喳,10
垅,10
Ь,10
劓,10
鈥,10
凖,10
ạ,10
钏,10
殒,10
ἄ,10
璮,10
騶,10
淛,10
栜,10
梣,10
翬,10
鐙,10
ย,10
ห,10
ค,10
鲚,10
繒,10
洌,10
瑢,10
鱠,10
鴣,10
缰,10
鵙,10
諶,10
黩,10
鮒,10
竈,10
畮,10
轵,10
煸,10
绂,10
榇,10
ว,10
馇,10
樘,10
処,9
군,9
粦,9
忖,9
镝,9
禠,9
牾,9
砼,9
傉,9
猙,9
隠,9
揩,9
蘗,9
诳,9
ァ,9
𡳞,9
齷,9
齪,9
媯,9
胙,9
辘,9
ѣ,9
ĵ,9
幛,9
烺,9
骢,9
峃,9
蛏,9
吱,9
茏,9
辺,9
餽,9
帼,9
咚,9
搧,9
昜,9
鬮,9
倶,9
鴇,9
搆,9
齏,9
児,9
ぬ,9
द,9
Ρ,9
髭,9
撂,9
宍,9
嚀,9
硚,9
戔,9
ケ,9
奁,9
瑨,9
수,9
纻,9
鍱,9
箜,9
篌,9
筚,9
祅,9
擰,9
噏,9
黐,9
呃,9
呷,9
氂,9
埚,9
燿,9
欬,9
鍬,9
譖,9
ở,9
螟,9
绌,9
媭,9
ɯ,9
鑛,9
鸶,9
ĉ,9
壊,9
鰱,9
鶇,9
鲭,9
堙,9
攽,9
瓌,9
桄,9
徜,9
瞠,9
槇,9
ǒ,9
嚟,9
膻,9
覷,9
摽,9
硐,9
帔,9
汫,9
朓,9
亹,9
犠,9
楩,9
蒔,9
鸬,9
鹚,9
缇,9
伷,9
唏,9
裢,9
誒,9
縠,9
匂,9
溈,9
儔,9
紬,9
诿,9
鉏,9
가,9
洫,9
餬,9
摟,9
塋,9
ῆ,9
踹,9
繯,9
跺,9
緡,9
나,9
사,9
穑,9
莴,9
櫺,9
Ｅ,9
縞,9
朥,9
ต,9
ด,9
ล,9
祹,9
骓,9
卣,9
豷,9
湔,9
榉,9
呑,9
譔,9
気,9
བ,9
軹,9
枥,9
昑,9
顰,9
佧,9
炟,9
磘,9
拺,9
瀲,9
睗,9
紞,9
匚,9
丂,9
垕,9
稃,9
圕,9
鱝,9
赅,9
騅,9
ל,9
ས,9
𝑮,9
謦,9
虻,8
冧,8
雑,8
覩,8
騖,8
碕,8
獏,8
綯,8
婵,8
駰,8
黧,8
穂,8
甙,8
暸,8
ザ,8
구,8
로,8
성,8
缐,8
㞗,8
阬,8
赀,8
ю,8
Ч,8
葳,8
寤,8
鰍,8
婧,8
鼾,8
馁,8
稲,8
眘,8
疥,8
炤,8
茘,8
龑,8
箐,8
闘,8
帰,8
竝,8
咂,8
燐,8
犖,8
讵,8
篑,8
揸,8
诨,8
燜,8
ả,8
む,8
व,8
鈃,8
烊,8
嗥,8
黇,8
ث,8
狞,8
偌,8
祩,8
陬,8
蘧,8
婊,8
唳,8
轘,8
頵,8
缟,8
誄,8
娡,8
姝,8
橼,8
嶲,8
ễ,8
辵,8
跚,8
懌,8
骕,8
ソ,8
蕰,8
圪,8
卨,8
嘮,8
猱,8
洨,8
辋,8
呛,8
蘩,8
辊,8
圄,8
杈,8
挎,8
揼,8
傒,8
ベ,8
麪,8
咥,8
虿,8
騤,8
偲,8
崠,8
広,8
熅,8
ヶ,8
镬,8
忉,8
姮,8
咔,8
徉,8
檩,8
김,8
橿,8
翈,8
鸲,8
ỳ,8
铕,8
螋,8
懍,8
琡,8
埡,8
蟎,8
일,8
기,8
镎,8
Ｇ,8
蝨,8
畚,8
儻,8
椙,8
대,8
碽,8
嫗,8
逌,8
怏,8
卌,8
夨,8
瞓,8
笕,8
囧,8
圌,8
Ζ,8
霨,8
소,8
砣,8
Ё,8
嗝,8
掮,8
袅,8
沤,8
糬,8
刋,8
刳,8
鋹,8
紱,8
鷙,8
淏,8
饽,8
釿,8
噜,8
縳,8
鞆,8
遄,8
踌,8
鄗,8
Д,8
赟,8
鷄,8
旣,8
姍,8
鮀,8
鷓,8
旵,8
暊,8
麯,8
藎,8
阚,8
彔,8
狌,8
謢,8
虗,8
觝,8
襴,8
暲,8
愃,8
Ä,8
嬛,8
珓,8
瓩,8
餳,8
ř,8
殂,8
孓,8
稉,8
觑,7
艸,7
羗,7
嶹,7
鏹,7
堌,7
鶩,7
鹎,7
鹩,7
倏,7
鯢,7
郞,7
ƒ,7
ℓ,7
ท,7
镡,7
罅,7
頎,7
龃,7
龉,7
茛,7
ポ,7
嵓,7
皑,7
綹,7
彖,7
한,7
觋,7
盹,7
啱,7
І,7
Ъ,7
Ө,7
ө,7
ү,7
Æ,7
栀,7
囈,7
鹂,7
ր,7
נ,7
梃,7
讦,7
铖,7
ɹ,7
鲳,7
鮸,7
囡,7
禋,7
鲥,7
櫪,7
螨,7
篳,7
ག,7
撷,7
砰,7
聩,7
隳,7
舨,7
悛,7
呔,7
踱,7
瘗,7
芚,7
渕,7
馘,7
埒,7
谮,7
Ś,7
旳,7
対,7
聡,7
幪,7
ố,7
砟,7
ར,7
沚,7
渉,7
镲,7
愔,7
埧,7
犨,7
碙,7
غ,7
煕,7
痨,7
畛,7
䜣,7
辔,7
屜,7
踯,7
ە,7
熿,7
墭,7
ज,7
詈,7
戇,7
㹴,7
轤,7
璵,7
绹,7
劒,7
悻,7
碸,7
浃,7
濩,7
晌,7
ལ,7
抔,7
浹,7
囹,7
鼴,7
鼍,7
ẽ,7
蚬,7
蟳,7
珰,7
ĥ,7
叄,7
倈,7
娆,7
椏,7
廌,7
悱,7
镊,7
ホ,7
麹,7
彀,7
簑,7
釦,7
蠷,7
瑍,7
荏,7
摞,7
顴,7
愾,7
鐧,7
鬪,7
杪,7
钿,7
嗰,7
堈,7
菡,7
垌,7
硖,7
縑,7
鋭,7
駟,7
絝,7
铒,7
ヴ,7
緜,7
衩,7
嶗,7
지,7
槠,7
汧,7
鄶,7
ʉ,7
粢,7
辏,7
ص,7
縟,7
요,7
개,7
별,7
도,7
缥,7
圫,7
匽,7
隷,7
鼂,7
橦,7
㻋,7
阄,7
賾,7
酹,7
峁,7
撅,7
琍,7
爈,7
遛,7
颧,7
鐏,7
筅,7
嵫,7
ἐ,7
㷩,7
簍,7
谡,7
箦,7
遘,7
煐,7
樯,7
ḍ,7
熘,7
眇,7
夒,7
襠,7
滃,7
ɤ,7
炷,7
嚭,7
郐,7
霫,7
ผ,7
惓,7
ㆨ,7
琯,7
鼱,7
籮,7
諄,7
墡,7
俦,7
碻,7
磝,7
艛,7
ㅋ,7
糉,7
涠,7
匄,7
淲,7
踶,7
ი,6
鐭,6
矸,6
嗄,6
ὶ,6
茌,6
盝,6
鐐,6
葯,6
蚡,6
翚,6
유,6
睏,6
忐,6
忑,6
斎,6
蒎,6
轡,6
菪,6
镏,6
筰,6
Ю,6
妬,6
耄,6
慍,6
櫂,6
Ϙ,6
鵩,6
어,6
원,6
笥,6
绐,6
ח,6
枵,6
缁,6
த,6
ன,6
ʌ,6
ல,6
ப,6
玦,6
曱,6
甴,6
ﾌ,6
扱,6
崀,6
旡,6
Í,6
棰,6
蓦,6
捜,6
锇,6
媿,6
茀,6
嘏,6
剉,6
ὁ,6
ứ,6
擡,6
喑,6
瀅,6
འ,6
罾,6
ʐ,6
葅,6
塆,6
曌,6
猻,6
鞬,6
俬,6
汩,6
勦,6
荛,6
蜞,6
薤,6
苡,6
詵,6
鎓,6
肟,6
舾,6
峘,6
峼,6
猢,6
嫺,6
瘉,6
掊,6
簟,6
蛺,6
缦,6
趸,6
晢,6
凃,6
掂,6
ک,6
鵐,6
ĩ,6
ǹ,6
嶅,6
踘,6
蒟,6
蒻,6
玥,6
Ł,6
Ž,6
笹,6
Ἀ,6
鞞,6
إ,6
垴,6
絵,6
沄,6
鎝,6
籴,6
跏,6
聒,6
भ,6
冚,6
疠,6
拶,6
璎,6
鮨,6
晄,6
吿,6
糶,6
鐦,6
瓿,6
槺,6
芰,6
ㄪ,6
苒,6
佝,6
痼,6
鸹,6
摛,6
Ú,6
啣,6
矻,6
団,6
埏,6
塍,6
箩,6
篯,6
熥,6
蹑,6
ṯ,6
嫚,6
呪,6
溍,6
襞,6
桠,6
鏜,6
浄,6
𣋉,6
鰼,6
懔,6
瑳,6
笫,6
饧,6
Ｔ,6
沏,6
雱,6
अ,6
廋,6
鶺,6
교,6
絫,6
愴,6
饟,6
臯,6
饞,6
蕁,6
鳟,6
釆,6
鞴,6
倂,6
囝,6
Ｗ,6
蕡,6
ゼ,6
螣,6
搾,6
쓰,6
동,6
오,6
해,6
주,6
щ,6
铼,6
铹,6
鸝,6
齎,6
槙,6
篁,6
枓,6
櫨,6
𢌛,6
珦,6
鬯,6
ग,6
鵟,6
𠐤,6
碹,6
ส,6
จ,6
蕖,6
澮,6
锿,6
譫,6
隞,6
摁,6
亓,6
Ґ,6
畎,6
緍,6
ש,6
瀦,6
栿,6
崱,6
Ά,6
邝,6
晈,6
浉,6
鵯,6
捫,6
胬,6
槪,6
搂,6
哔,6
櫆,6
鍳,6
焞,6
鰕,6
懃,6
彠,6
纇,6
婬,6
鑨,6
俓,6
娎,6
倧,6
棩,6
조,6
ܘ,6
瘿,6
沘,6
甽,6
瞀,6
ם,6
Î,6
縹,6
寘,6
礅,6
畵,6
縵,6
ª,6
鋐,6
匸,6
譌,6
ㆲ,6
鈑,6
軨,6
颦,6
麈,6
旂,6
ㄯ,6
仨,6
驀,6
ʈ,6
墁,6
羖,6
孥,6
แ,6
斄,6
娀,6
獫,6
菼,6
脁,6
蹜,6
拑,6
梠,6
岵,6
蘢,6
ष,6
ध,6
특,6
夛,6
顬,6
纮,6
ʕ,6
莙,6
墈,6
曕,6
騑,6
読,5
浿,5
蕺,5
珧,5
噝,5
ἰ,5
鹲,5
榼,5
悰,5
扞,5
憋,5
瀣,5
庁,5
ḇ,5
襌,5
孌,5
ไ,5
銼,5
鷿,5
鷈,5
虀,5
熈,5
銶,5
脬,5
榦,5
镱,5
楽,5
喺,5
鴈,5
Ү,5
Ѣ,5
미,5
ն,5
莩,5
彅,5
馋,5
缒,5
愀,5
ர,5
க,5
嫮,5
袪,5
黈,5
殍,5
ˉ,5
敭,5
嗌,5
葶,5
艚,5
鎩,5
絪,5
镫,5
廕,5
搢,5
妠,5
ờ,5
ệ,5
ọ,5
弾,5
ヌ,5
抺,5
མ,5
ཁ,5
楛,5
鋗,5
捌,5
渼,5
颔,5
誶,5
靬,5
睍,5
锉,5
彆,5
暾,5
च,5
櫫,5
滢,5
锹,5
蒌,5
薷,5
緇,5
庋,5
觥,5
埈,5
ざ,5
䓪,5
餸,5
茈,5
蹒,5
黿,5
飈,5
跎,5
獁,5
蝘,5
荦,5
犂,5
殳,5
酂,5
蓽,5
肭,5
撙,5
艿,5
甍,5
踣,5
瓛,5
ʀ,5
芘,5
簃,5
骐,5
岽,5
惴,5
蹀,5
醅,5
剮,5
揠,5
Ĉ,5
舸,5
丌,5
儇,5
祼,5
Э,5
湓,5
狴,5
唄,5
襤,5
懑,5
蔞,5
罨,5
匜,5
錾,5
吽,5
艟,5
Ż,5
喰,5
呲,5
觔,5
怱,5
変,5
纡,5
회,5
爌,5
檨,5
垵,5
蔦,5
獇,5
鷥,5
锎,5
舋,5
癭,5
婓,5
偻,5
螻,5
蓨,5
煣,5
漚,5
瞋,5
讉,5
𨭎,5
ন,5
ট,5
惬,5
吆,5
罫,5
盍,5
ܐ,5
伧,5
屺,5
Ш,5
黉,5
氤,5
捋,5
徧,5
侉,5
舳,5
鸷,5
抃,5
蒍,5
橞,5
攆,5
妪,5
翀,5
穉,5
壎,5
鲲,5
哟,5
潾,5
妁,5
崳,5
穄,5
兎,5
천,5
莳,5
ォ,5
縐,5
학,5
珎,5
羮,5
薐,5
兕,5
猯,5
糗,5
轂,5
荌,5
腼,5
酤,5
다,5
청,5
날,5
보,5
려,5
ȵ,5
羑,5
颏,5
跄,5
ן,5
צ,5
砩,5
桯,5
黾,5
怍,5
鍠,5
颺,5
鐃,5
禤,5
嗾,5
蓊,5
ậ,5
ỉ,5
瘞,5
ș,5
洑,5
嗶,5
국,5
篔,5
鸺,5
鹠,5
喟,5
裊,5
啷,5
罴,5
ũ,5
転,5
輊,5
鹆,5
壻,5
寖,5
溷,5
鲷,5
鲎,5
ɲ,5
ɦ,5
罍,5
瑑,5
猇,5
頔,5
晊,5
焿,5
売,5
龌,5
龊,5
粍,5
羶,5
蕸,5
熞,5
誑,5
魃,5
傌,5
怵,5
垡,5
蹩,5
姣,5
欸,5
獯,5
郪,5
衜,5
㓛,5
乗,5
駮,5
紿,5
珝,5
柟,5
幞,5
裾,5
锍,5
鑃,5
揲,5
㑹,5
仳,5
乭,5
ㆵ,5
乀,5
摀,5
𤈦,5
鍪,5
炝,5
ɨ,5
翽,5
弇,5
岈,5
𦨭,5
癯,5
貺,5
揑,5
ذ,5
ܒ,5
褊,5
栲,5
讬,5
覘,5
ང,5
İ,5
滻,5
楬,5
ὰ,5
铓,5
騧,5
癔,5
崚,5
蒆,5
鲼,5
鴗,5
缈,5
袆,5
旛,5
悒,5
筦,5
鉎,5
ꜣ,5
耧,5
黡,5
脧,5
𝑧,5
骙,5
嗹,5
鯾,5
䱷,5
မ,5
โ,5
罝,4
戥,4
鉾,4
蛐,4
瘰,4
ბ,4
晪,4
鵄,4
僂,4
ण,4
诓,4
嗷,4
垻,4
奩,4
礓,4
ʁ,4
踼,4
บ,4
卲,4
鲔,4
령,4
讌,4
帢,4
舁,4
ћ,4
纰,4
ユ,4
緑,4
璪,4
서,4
夬,4
唠,4
蓇,4
耋,4
Ы,4
Ѳ,4
Ð,4
Ѡ,4
Є,4
스,4
문,4
단,4
赜,4
կ,4
郈,4
碞,4
芑,4
翙,4
榍,4
輶,4
嫱,4
閟,4
蚧,4
蓏,4
韙,4
邴,4
垆,4
秥,4
柙,4
踬,4
甞,4
刭,4
衄,4
鷟,4
玙,4
荜,4
掲,4
閞,4
鳆,4
ầ,4
従,4
ぼ,4
緄,4
Ｓ,4
ɻ,4
Ͳ,4
骃,4
骺,4
艤,4
樅,4
殹,4
婥,4
狰,4
鵺,4
哧,4
搡,4
暦,4
鼯,4
蟛,4
缣,4
僔,4
茚,4
拊,4
桱,4
閪,4
勼,4
膣,4
蓐,4
蝾,4
鰽,4
簌,4
慥,4
壼,4
捽,4
躡,4
齢,4
険,4
舄,4
岠,4
垞,4
澉,4
歃,4
鲂,4
愒,4
戩,4
訄,4
酇,4
磲,4
錛,4
慆,4
抻,4
咢,4
薅,4
屣,4
撄,4
穡,4
谳,4
蓴,4
囥,4
嘵,4
ո,4
鱔,4
菔,4
庳,4
懣,4
斝,4
嫰,4
薬,4
俛,4
漼,4
譭,4
媟,4
皦,4
褸,4
桮,4
怿,4
偓,4
瑊,4
岜,4
焼,4
霊,4
歘,4
吔,4
軚,4
騒,4
鉳,4
啁,4
遡,4
蝀,4
脘,4
螠,4
ấ,4
籩,4
坔,4
褌,4
嗬,4
蟯,4
衿,4
閧,4
埑,4
宧,4
箪,4
戬,4
嬈,4
绺,4
埶,4
জ,4
攞,4
蠖,4
賛,4
逡,4
倓,4
蝲,4
驂,4
僇,4
晸,4
ａ,4
제,4
강,4
秕,4
锒,4
鈤,4
胂,4
ܢ,4
悆,4
蕞,4
璡,4
ź,4
氲,4
唭,4
瓈,4
鰤,4
継,4
Ж,4
摰,4
艨,4
荑,4
図,4
禸,4
박,4
종,4
儵,4
飏,4
騨,4
柃,4
鎣,4
屘,4
여,4
蛩,4
曽,4
糺,4
唎,4
ṛ,4
경,4
谠,4
衒,4
駃,4
騠,4
珷,4
ピ,4
箒,4
薫,4
锔,4
懟,4
箨,4
搠,4
驎,4
장,4
抠,4
饜,4
讐,4
넘,4
喲,4
좀,4
є,4
鄀,4
Ј,4
Љ,4
Њ,4
踉,4
Щ,4
玚,4
瑒,4
ĭ,4
囫,4
缂,4
𨭆,4
镅,4
矧,4
搦,4
噼,4
窨,4
柺,4
그,4
蚳,4
仛,4
鲡,4
楶,4
亜,4
寀,4
擯,4
戯,4
최,4
佖,4
杻,4
硗,4
ţ,4
ồ,4
寜,4
枿,4
淥,4
㵲,4
誔,4
麊,4
氷,4
鯷,4
烔,4
식,4
황,4
관,4
荨,4
镈,4
癞,4
أ,4
匋,4
緙,4
潲,4
ὸ,4
ᠢ,4
ད,4
呾,4
鹪,4
怫,4
虓,4
晛,4
蝤,4
蠙,4
苅,4
ئ,4
鶏,4
鼗,4
犭,4
夲,4
啫,4
铡,4
嫲,4
鑌,4
ـ,4
颼,4
顙,4
簒,4
爿,4
鄡,4
絣,4
Ｑ,4
愜,4
仮,4
ܕ,4
魈,4
錞,4
偪,4
㬙,4
宬,4
囔,4
髳,4
幃,4
ณ,4
燶,4
竂,4
旼,4
ㆴ,4
厶,4
ɬ,4
ㆫ,4
丿,4
ㆥ,4
ġ,4
梘,4
锸,4
迓,4
檮,4
ų,4
穠,4
窴,4
ḿ,4
蓢,4
燠,4
芟,4
肏,4
郟,4
역,4
磻,4
绔,4
ļ,4
岿,4
怔,4
諌,4
韁,4
ｘ,4
屃,4
䄉,4
肜,4
隃,4
ữ,4
𠁁,4
卋,4
Ϝ,4
ἦ,4
汏,4
㩦,4
氵,4
ㅎ,4
ㅊ,4
昽,4
昚,4
嵕,4
鮓,4
箅,4
酺,4
栳,4
魋,4
滍,4
灴,4
犵,4
狫,4
پ,4
垱,4
踎,4
眯,4
Ἐ,4
栒,4
杬,4
犏,4
橛,4
谆,4
埽,4
朒,4
搣,4
獪,4
璹,4
缃,4
愐,4
肸,4
ट,4
𝑃,4
謤,4
褴,4
褛,4
鄪,4
剅,4
汦,4
掤,4
ŝ,4
弨,3
駆,3
낙,3
氊,3
鏣,3
藨,3
觿,3
疬,3
ნ,3
螉,3
鸌,3
貮,3
鰐,3
餗,3
佽,3
謩,3
巌,3
観,3
鲻,3
綃,3
爝,3
獚,3
猔,3
䴙,3
䴘,3
眄,3
翃,3
攥,3
њ,3
筈,3
嬙,3
圴,3
厳,3
隄,3
豋,3
膥,3
울,3
敶,3
碏,3
淶,3
梔,3
Ә,3
擕,3
Ҁ,3
ѥ,3
Ѯ,3
Ѱ,3
덕,3
焐,3
呓,3
煃,3
ந,3
揺,3
ɚ,3
ம,3
慝,3
黽,3
觶,3
歔,3
欷,3
柤,3
齕,3
昍,3
ヘ,3
迆,3
邐,3
敇,3
گ,3
鹴,3
牓,3
槏,3
憙,3
褎,3
矍,3
壄,3
屦,3
歅,3
绻,3
诮,3
袾,3
檠,3
畧,3
烱,3
瀹,3
搽,3
櫶,3
聨,3
単,3
श,3
Ｊ,3
ʝ,3
涷,3
篰,3
Ϻ,3
葢,3
秏,3
鼢,3
郳,3
䥑,3
脔,3
ட,3
ச,3
饴,3
嗧,3
篓,3
姁,3
荬,3
鳢,3
蝼,3
蜣,3
苁,3
盉,3
炑,3
ھ,3
ő,3
鏼,3
惔,3
撟,3
竉,3
駘,3
ぽ,3
喦,3
鑁,3
獢,3
Ｈ,3
鵞,3
銚,3
刧,3
饣,3
餜,3
疪,3
繄,3
餈,3
伥,3
餿,3
躑,3
蔫,3
媼,3
鰣,3
溽,3
ի,3
叆,3
诎,3
䗴,3
簕,3
桴,3
鲽,3
镄,3
虭,3
蛥,3
赑,3
怦,3
蚨,3
滟,3
搥,3
은,3
罃,3
朏,3
綖,3
箚,3
Ｕ,3
曧,3
軑,3
신,3
撘,3
蕑,3
摃,3
魩,3
蝽,3
窳,3
鴒,3
澐,3
玢,3
忾,3
ἅ,3
辌,3
褰,3
颃,3
錬,3
ṳ,3
蹏,3
赙,3
媮,3
慇,3
籛,3
逨,3
㪨,3
逦,3
ক,3
গ,3
ল,3
ব,3
疔,3
袓,3
忮,3
摎,3
沋,3
缍,3
諲,3
郄,3
泜,3
飧,3
喽,3
ˀ,3
囯,3
鞔,3
ܠ,3
Ｍ,3
荘,3
発,3
挲,3
盨,3
幘,3
ṅ,3
疎,3
ề,3
摠,3
価,3
ზ,3
彞,3
鏦,3
ヲ,3
翛,3
幵,3
萵,3
麇,3
亀,3
釭,3
槩,3
嶔,3
呴,3
靨,3
彜,3
瞇,3
憯,3
길,3
蠊,3
皤,3
緃,3
薀,3
閆,3
扥,3
曀,3
嘭,3
媪,3
蛲,3
苝,3
薁,3
芠,3
臓,3
蒈,3
昩,3
瑺,3
唪,3
瑮,3
貐,3
蕓,3
昄,3
간,3
를,3
버,3
는,3
임,3
났,3
네,3
응,3
鱖,3
鶥,3
ѕ,3
Й,3
Ћ,3
ў,3
Џ,3
џ,3
栊,3
嘥,3
蠵,3
遝,3
濆,3
瘪,3
ể,3
絇,3
鲘,3
鯱,3
瘳,3
鷳,3
縭,3
巣,3
苺,3
娫,3
蠐,3
娵,3
석,3
태,3
靑,3
験,3
囵,3
왕,3
淍,3
秾,3
ษ,3
ศ,3
痧,3
窬,3
璙,3
醖,3
甡,3
遯,3
鍉,3
鯧,3
ꓵ,3
ꓽ,3
𥔲,3
鱵,3
絁,3
梂,3
匁,3
亁,3
锫,3
𨨏,3
欞,3
臑,3
雫,3
蕯,3
ґ,3
Ђ,3
ђ,3
ѓ,3
壐,3
Ὶ,3
疿,3
饈,3
آ,3
谞,3
糭,3
중,3
행,3
刓,3
糀,3
韮,3
부,3
椼,3
櫝,3
蒹,3
건,3
芐,3
嫫,3
錁,3
卺,3
螗,3
顕,3
ᠷ,3
刣,3
鹨,3
驽,3
駑,3
淯,3
晧,3
劬,3
壚,3
睥,3
癃,3
欏,3
𠕇,3
발,3
À,3
羂,3
鏇,3
湼,3
娈,3
晭,3
㦃,3
澔,3
妯,3
娌,3
蔟,3
窅,3
卄,3
逺,3
ὑ,3
梉,3
簝,3
紆,3
擞,3
胠,3
巜,3
甂,3
鲩,3
嘤,3
簗,3
儚,3
𓆰,3
瑅,3
袝,3
緈,3
祘,3
ܪ,3
悪,3
頏,3
覿,3
𠊎,3
菉,3
缛,3
梫,3
頲,3
鎛,3
繅,3
嶕,3
枬,3
鼫,3
蹣,3
羼,3
葸,3
蹛,3
허,3
囘,3
㗎,3
聴,3
蹔,3
攵,3
ㆰ,3
ㆱ,3
ㆣ,3
彳,3
冂,3
ㆪ,3
ㄮ,3
ㆧ,3
劁,3
蟥,3
吖,3
諗,3
棫,3
ľ,3
ň,3
梀,3
ʏ,3
ÿ,3
钁,3
癈,3
瓤,3
ҟ,3
į,3
ւ,3
閽,3
龠,3
銍,3
匭,3
釬,3
膋,3
蠽,3
徃,3
竢,3
僦,3
Ó,3
筇,3
雠,3
梼,3
殑,3
噙,3
旆,3
抿,3
娳,3
夋,3
蜯,3
Ἡ,3
ゥ,3
煑,3
鰉,3
ء,3
澫,3
甓,3
僄,3
宀,3
ϒ,3
褕,3
체,3
溇,3
玅,3
暪,3
霅,3
鳇,3
鈜,3
贶,3
礮,3
媄,3
眕,3
叽,3
ㄱ,3
怃,3
莾,3
鴃,3
ʥ,3
ʣ,3
巙,3
衕,3
泆,3
豇,3
紩,3
𧈢,3
𧏡,3
糈,3
塀,3
ꌅ,3
钂,3
靦,3
葖,3
蘼,3
狝,3
ὴ,3
蝚,3
鲌,3
姹,3
胗,3
芶,3
鱺,3
馼,3
猺,3
𧊒,3
冮,3
筢,3
縴,3
鼉,3
鮟,3
鱇,3
瑴,3
裿,3
ల,3
藳,3
𤐤,3
𡗨,3
奡,3
礌,3
광,3
醄,3
伬,3
潏,3
誧,3
鳽,3
巵,3
玹,3
閇,3
颎,3
崐,3
כ,3
鹖,3
𣬠,3
朖,3
敔,3
ớ,3
嗱,3
餢,3
忭,3
眥,3
礱,3
樴,3
ำ,3
渢,3
嶰,3
𩛿,3
餹,3
侌,3
暕,3
塈,3
攴,3
酅,3
棼,2
坮,2
락,2
蟮,2
餄,2
虨,2
穈,2
阨,2
㭽,2
鸏,2
蕕,2
诹,2
忸,2
怩,2
厹,2
ˌ,2
塲,2
磹,2
襍,2
瑔,2
昡,2
氆,2
氇,2
坫,2
ѧ,2
Ӏ,2
Һ,2
곶,2
쇠,2
ҁ,2
驲,2
ѡ,2
Ѿ,2
Ѻ,2
ꙗ,2
Ѥ,2
ѯ,2
ѱ,2
데,2
크,2
션,2
디,2
송,2
화,2
술,2
센,2
씨,2
駴,2
糲,2
頇,2
觌,2
隲,2
騃,2
ய,2
ண,2
ʧ,2
锼,2
珵,2
அ,2
வ,2
傪,2
蔈,2
撝,2
擗,2
漴,2
銝,2
霪,2
栔,2
権,2
ཆ,2
篊,2
灥,2
鹔,2
喼,2
泂,2
囟,2
抳,2
锏,2
嬲,2
缡,2
坼,2
乸,2
嫠,2
澌,2
碪,2
濙,2
釚,2
堍,2
韡,2
瓞,2
饍,2
鬐,2
咜,2
堿,2
鰒,2
ự,2
澙,2
嗵,2
Ϲ,2
楳,2
鲙,2
ϙ,2
ͳ,2
ė,2
钘,2
婠,2
賸,2
畺,2
蒢,2
檉,2
郠,2
ड,2
摏,2
羝,2
椝,2
哝,2
菝,2
蔹,2
萆,2
蝥,2
螵,2
蔸,2
艽,2
ۇ,2
چ,2
栐,2
䵺,2
疖,2
腙,2
讋,2
𨳒,2
𨳊,2
揾,2
漶,2
旴,2
ぞ,2
跽,2
孻,2
鐶,2
擻,2
珖,2
觕,2
菿,2
厠,2
狨,2
蜼,2
渫,2
硨,2
蝳,2
巹,2
涢,2
奤,2
旿,2
泑,2
酓,2
僨,2
柾,2
灱,2
Ê,2
仏,2
ե,2
մ,2
粝,2
諑,2
誴,2
孴,2
ㅡ,2
겨,2
레,2
刼,2
연,2
綮,2
碶,2
郘,2
铩,2
𧉚,2
𧖣,2
𧊲,2
枏,2
巠,2
티,2
모,2
觖,2
暁,2
龂,2
舡,2
玀,2
崘,2
환,2
ｖ,2
ｕ,2
軽,2
嶓,2
湑,2
灙,2
藴,2
棅,2
杮,2
嚿,2
瞅,2
逤,2
鐓,2
饫,2
笱,2
翫,2
鋉,2
鰆,2
瓖,2
錍,2
Ủ,2
ắ,2
ủ,2
巃,2
垜,2
獣,2
缊,2
鬂,2
塜,2
Ｌ,2
黌,2
攖,2
觳,2
摡,2
蝜,2
蝂,2
礑,2
虵,2
ʎ,2
庼,2
ɥ,2
㶟,2
錏,2
湦,2
吭,2
𨦡,2
颥,2
癆,2
আ,2
ড,2
ᐃ,2
嚧,2
鋋,2
癰,2
萏,2
铄,2
枴,2
扙,2
頴,2
遫,2
踽,2
汚,2
噉,2
酼,2
鐡,2
ܝ,2
讃,2
鑓,2
溁,2
甗,2
蒓,2
ὕ,2
ᾰ,2
鲋,2
灨,2
贑,2
𩅦,2
欅,2
戧,2
უ,2
ჟ,2
棁,2
悃,2
璲,2
銛,2
佁,2
旽,2
旐,2
ヅ,2
廮,2
掞,2
瞹,2
髕,2
桜,2
蜺,2
讙,2
矰,2
顜,2
鏸,2
牻,2
珽,2
崶,2
埿,2
縕,2
頦,2
嚞,2
誚,2
剳,2
심,2
炗,2
禖,2
抦,2
亸,2
貒,2
鏝,2
垿,2
玨,2
驘,2
趞,2
曁,2
璸,2
𣫏,2
ぴ,2
膵,2
貭,2
芴,2
塤,2
塡,2
齁,2
飮,2
泒,2
蜧,2
瘵,2
鱣,2
葍,2
捃,2
駹,2
厎,2
ぁ,2
늘,2
저,2
산,2
백,2
두,2
본,2
마,2
누,2
에,2
름,2
올,2
揃,2
砑,2
嘁,2
Ѕ,2
ḫ,2
郚,2
鴅,2
瑸,2
Ї,2
ї,2
љ,2
Ē,2
Ќ,2
ќ,2
ג,2
Ў,2
殪,2
氅,2
澁,2
ぜ,2
啐,2
巉,2
伇,2
锘,2
谵,2
縂,2
耑,2
擿,2
ლ,2
譓,2
欂,2
嚅,2
ᗅ,2
鴜,2
僣,2
礜,2
栄,2
鷴,2
䴉,2
舥,2
嚦,2
宻,2
硇,2
搳,2
적,2
嚆,2
ἱ,2
蔀,2
俢,2
ਹ,2
ढ,2
진,2
순,2
좌,2
범,2
림,2
언,2
윤,2
승,2
훈,2
僜,2
瘐,2
誾,2
ợ,2
櫳,2
ڠ,2
蟊,2
鰈,2
浥,2
謅,2
ổ,2
ừ,2
ỹ,2
ṟ,2
ช,2
倞,2
廰,2
軺,2
桝,2
覔,2
鍮,2
沬,2
ᥖ,2
ᥰ,2
ᦺ,2
ᧉ,2
ꓳ,2
ꓲ,2
ꓴ,2
ꓫ,2
ꆃ,2
ꁈ,2
鰺,2
ｂ,2
狲,2
遬,2
礐,2
簏,2
鐠,2
钸,2
虒,2
嘚,2
弳,2
Ｎ,2
齗,2
峣,2
屙,2
髃,2
髎,2
奱,2
矬,2
鳀,2
叧,2
鈢,2
剞,2
劂,2
Ѓ,2
慺,2
爚,2
ई,2
ӕ,2
睭,2
腠,2
품,2
憺,2
敳,2
庱,2
鲯,2
脢,2
斻,2
澪,2
앙,2
頀,2
磜,2
槫,2
锲,2
俍,2
禘,2
추,2
Ṭ,2
坣,2
猘,2
鞥,2
酏,2
侩,2
鄑,2
阃,2
崿,2
庹,2
㞞,2
呇,2
ᠮ,2
ᠳ,2
ᠥ,2
蓧,2
巰,2
躘,2
囃,2
링,2
쥬,2
濜,2
蹿,2
羠,2
慓,2
ˁ,2
𠙶,2
拹,2
蘘,2
簜,2
睨,2
晫,2
䚟,2
姈,2
왜,2
觫,2
蜮,2
십,2
팔,2
립,2
籣,2
籧,2
𠒇,2
鵾,2
櫑,2
哞,2
鼒,2
彍,2
鞫,2
瘖,2
屻,2
舻,2
㚟,2
瀠,2
餼,2
迵,2
岻,2
阼,2
攄,2
墎,2
嫽,2
宄,2
鹣,2
喈,2
摳,2
㝎,2
皷,2
隟,2
𦀰,2
亰,2
𠃵,2
陼,2
鱓,2
餍,2
䮀,2
鲦,2
頽,2
檣,2
咛,2
鹾,2
蓰,2
侘,2
狶,2
𨋢,2
న,2
జ,2
裃,2
袷,2
纁,2
繊,2
襬,2
𓂋,2
䌷,2
珹,2
䂺,2
螓,2
䎃,2
𩻸,2
葇,2
偰,2
풍,2
岹,2
𣳫,2
琈,2
의,2
旲,2
烉,2
ק,2
檥,2
趯,2
呫,2
咿,2
ɜ,2
躚,2
夀,2
鼕,2
埌,2
倥,2
傯,2
畞,2
螜,2
瞫,2
檇,2
逰,2
鶵,2
濔,2
ĕ,2
鹁,2
汳,2
壖,2
臠,2
邉,2
龝,2
㞢,2
曡,2
葂,2
诌,2
曈,2
鏨,2
蔯,2
兟,2
閶,2
偭,2
稧,2
㦯,2
䏻,2
垲,2
躭,2
赬,2
綟,2
緗,2
勹,2
ㆠ,2
ㆷ,2
亍,2
ㆩ,2
𠙴,2
𠃋,2
饢,2
鑅,2
煱,2
ċ,2
奀,2
栘,2
擸,2
澴,2
讘,2
斲,2
钶,2
Ｋ,2
鴔,2
鵖,2
贌,2
钎,2
簙,2
椐,2
柶,2
ẓ,2
瞟,2
ʲ,2
齾,2
噭,2
Ң,2
ң,2
ҥ,2
ɮ,2
犋,2
釴,2
篈,2
օ,2
Ւ,2
莋,2
朣,2
襜,2
ゐ,2
ɰ,2
ᵝ,2
ゑ,2
愓,2
蹕,2
跂,2
訞,2
噐,2
楇,2
鐍,2
辒,2
鑉,2
鋊,2
枨,2
呣,2
阝,2
馐,2
戱,2
脤,2
霤,2
葴,2
안,2
Ἥ,2
ʋ,2
ㄴ,2
ㄹ,2
堽,2
鋙,2
髠,2
杅,2
ἴ,2
瘺,2
湥,2
ˤ,2
鄤,2
耇,2
瀷,2
𣉙,2
鄕,2
ƣ,2
轳,2
თ,2
ს,2
栧,2
𠗟,2
劦,2
啭,2
Ｒ,2
堧,2
蓯,2
怼,2
妘,2
妗,2
擣,2
櫡,2
亻,2
搯,2
洳,2
瓡,2
鄛,2
煆,2
绋,2
ض,2
ț,2
腚,2
崾,2
働,2
䵍,2
आ,2
ᠣ,2
ນ,2
ວ,2
ป,2
қ,2
琭,2
撺,2
糁,2
𡨸,2
𡦂,2
ɴ,2
軿,2
覯,2
檁,2
Ħ,2
椵,2
鑱,2
斠,2
槔,2
輞,2
圑,2
筼,2
筜,2
甭,2
硜,2
朶,2
계,2
선,2
隑,2
憟,2
礟,2
洐,2
覊,2
亅,2
堮,2
廞,2
히,2
호,2
ㄷ,2
婻,2
玎,2
褙,2
屛,2
闚,2
衚,2
鶮,2
鐔,2
滈,2
矺,2
র,2
鬹,2
墣,2
愼,2
寯,2
蔎,2
荈,2
嵖,2
殟,2
ť,2
藠,2
ế,2
醓,2
薟,2
𠄌,2
醎,2
籜,2
䭔,2
馉,2
饀,2
ན,2
Ϊ,2
讜,2
泝,2
Ġ,2
Ὠ,2
娸,2
ꂷ,2
ꏂ,2
𧸘,2
竩,2
漵,2
朡,2
佹,2
蔿,2
沨,2
棐,2
麑,2
舗,2
ẖ,2
髽,2
譲,2
狯,2
玼,2
蠓,2
縄,2
髌,2
薳,2
袐,2
ἥ,2
氜,2
楦,2
蝈,2
면,2
𬺈,2
麺,2
騊,2
駼,2
ۈ,2
ფ,2
ხ,2
梄,2
埝,2
沕,2
潩,2
喩,2
攛,2
פ,2
𠺕,2
䳍,2
鮞,2
亷,2
狢,2
褘,2
釡,2
喭,2
Ἰ,2
蠎,2
Ｙ,2
尥,2
骎,2
疴,2
棪,2
満,2
幬,2
缾,2
賙,2
戆,2
諠,2
毳,2
Ə,2
驵,2
璚,2
獃,2
猰,2
聟,2
骛,2
Ĳ,2
惸,2
檋,2
椀,2
徏,2
蔄,2
阌,2
𥻵,2
瘊,2
佂,2
轪,2
褝,2
饃,2
俥,2
韉,2
齑,2
爇,2
霢,2
飕,2
笭,2
畊,2
毱,2
狺,2
洊,2
囷,2
応,2
粩,2
ἔ,2
牋,2
僿,2
雟,2
㒟,2
鞽,2
偾,2
緼,2
紼,2
荇,2
鲆,2
犫,2
髈,2
唥,2
倷,2
髫,2
ȶ,2
獳,2
鄷,2
帻,2
𣬶,2
櫧,2
筯,2
埆,2
昬,2
鎅,2
𤌙,2
觱,2
鈡,2
窶,2
奝,2
聼,2
𩜶,2
𬘓,2
ظ,2
螽,2
합,2
㭎,2
鏓,2
瀜,2
巄,2
ਮ,2
ਨ,2
濼,2
巘,2
漙,2
န,2
ဗ,2
鐇,2
飃,2
फ,2
巗,2
ů,2
姤,2
전,2
凴,2
鳚,2
堋,2
喁,2
悺,2
弶,2
笩,2
玗,2
厣,2
煢,2
鱚,2
攡,2
倀,2
捔,2
璬,2
轔,2
ภ,2
壡,2
靰,2
鞡,2
跲,1
扽,1
蟺,1
𠺖,1
榥,1
餎,1
䔃,1
峕,1
醶,1
恇,1
𧯢,1
巤,1
踟,1
躕,1
蘤,1
ϛ,1
匤,1
㝏,1
裛,1
钖,1
鎪,1
鱧,1
鬛,1
鐄,1
瘂,1
魣,1
饙,1
煋,1
㮙,1
玧,1
妸,1
공,1
항,1
鞧,1
ǰ,1
絷,1
𡙇,1
鏴,1
ꙕ,1
ӡ,1
ҭ,1
ҳ,1
ҵ,1
ӏ,1
һ,1
𢆥,1
Ѹ,1
Ȝ,1
Ƿ,1
Ѽ,1
ѽ,1
ѿ,1
ѻ,1
ꙓ,1
Ꙗ,1
Ѧ,1
Ę,1
Ą,1
靥,1
뉴,1
프,1
텍,1
방,1
예,1
터,1
앤,1
ȝ,1
絺,1
粻,1
塏,1
վ,1
չ,1
շ,1
ջ,1
顢,1
慱,1
棷,1
罻,1
朞,1
𫄬,1
倛,1
猸,1
嘞,1
ஜ,1
ὲ,1
ὼ,1
尨,1
挀,1
祑,1
侐,1
毺,1
髇,1
ཉ,1
嚤,1
ɱ,1
镩,1
灠,1
剰,1
喌,1
蹮,1
熯,1
楑,1
绖,1
枠,1
舲,1
缱,1
觍,1
牣,1
詶,1
跶,1
禭,1
壪,1
潝,1
縶,1
妀,1
㡳,1
ᾷ,1
瞉,1
楢,1
靭,1
鲊,1
謜,1
उ,1
ɭ,1
ɺ,1
婸,1
Ϟ,1
ϟ,1
Ϡ,1
ϡ,1
Ķ,1
牼,1
ぢ,1
仈,1
澭,1
枎,1
彃,1
鋈,1
斅,1
梱,1
榬,1
溒,1
釃,1
嗛,1
葜,1
苈,1
莶,1
葙,1
苘,1
菥,1
経,1
暺,1
𨧨,1
𨫃,1
橺,1
寕,1
ẩ,1
ங,1
ள,1
杘,1
𨶙,1
𨳍,1
𢆡,1
脽,1
嚢,1
𡴶,1
摌,1
溙,1
ằ,1
舭,1
𪠘,1
欗,1
鞗,1
鱥,1
丄,1
瀫,1
栰,1
袃,1
塒,1
ཧ,1
塠,1
蠛,1
狖,1
獑,1
緖,1
琄,1
腽,1
枧,1
𫍯,1
㵐,1
辶,1
軎,1
ḳ,1
慜,1
渰,1
엄,1
榚,1
嬃,1
唫,1
牕,1
碬,1
Մ,1
ծ,1
տ,1
յ,1
ղ,1
բ,1
荵,1
灉,1
㴩,1
痄,1
牷,1
麞,1
孮,1
澣,1
隩,1
蘺,1
躞,1
圬,1
騵,1
Ĝ,1
Ĥ,1
Ĵ,1
Ŭ,1
글,1
출,1
판,1
暻,1
罸,1
栂,1
내,1
ŏ,1
椠,1
づ,1
䀏,1
佴,1
媊,1
䘎,1
ⲥ,1
ⲧ,1
ⲏ,1
ⲙ,1
孋,1
颪,1
樔,1
摂,1
褀,1
輄,1
총,1
맞,1
것,1
처,1
럼,1
맨,1
탈,1
메,1
즈,1
錴,1
莗,1
搊,1
殕,1
柁,1
釅,1
ᓄ,1
ᓇ,1
ᑦ,1
ᓯ,1
ᐊ,1
ᖅ,1
騉,1
鬌,1
갑,1
渋,1
酙,1
汈,1
籑,1
揅,1
蘐,1
暓,1
柸,1
䃟,1
鸁,1
媏,1
啨,1
우,1
鴓,1
砉,1
縦,1
莕,1
嵵,1
蟙,1
蟔,1
鼈,1
鶖,1
黗,1
𡢃,1
硦,1
戽,1
蠼,1
侊,1
䘏,1
矅,1
逈,1
醑,1
儛,1
諼,1
觧,1
珫,1
瞂,1
妌,1
㥄,1
炱,1
䓶,1
ṉ,1
咇,1
Ǹ,1
ꦯ,1
ꦮ,1
ꦗ,1
ꦪ,1
厫,1
玭,1
涙,1
䏣,1
㛐,1
瘼,1
𤀹,1
ژ,1
𧶛,1
蟶,1
嶴,1
䁔,1
餤,1
鍧,1
獂,1
鄾,1
ゾ,1
澬,1
屇,1
㑳,1
飬,1
冐,1
嚩,1
畨,1
肐,1
শ,1
ধ,1
এ,1
থ,1
檫,1
剚,1
ᒡ,1
ᓗ,1
鍐,1
矟,1
騸,1
聮,1
ଓ,1
ଡ,1
ଶ,1
綞,1
璯,1
莚,1
踮,1
ए,1
鉟,1
점,1
䂵,1
爋,1
魉,1
釼,1
軆,1
騂,1
ܙ,1
ܦ,1
ḗ,1
氠,1
氥,1
𣱧,1
灜,1
硎,1
鸤,1
僐,1
哿,1
镢,1
鏚,1
簠,1
觯,1
擖,1
憻,1
谖,1
紵,1
瑫,1
獦,1
𩃙,1
坶,1
檞,1
玡,1
剱,1
რ,1
ვ,1
鋻,1
梲,1
愊,1
濋,1
楗,1
葰,1
魖,1
磎,1
凼,1
철,1
廐,1
瓉,1
甀,1
鵕,1
徤,1
㬅,1
弻,1
眅,1
諝,1
蚑,1
鞕,1
壝,1
ʖ,1
诐,1
粇,1
㝉,1
페,1
欉,1
琎,1
舩,1
甿,1
绠,1
艴,1
䲹,1
鴡,1
唛,1
跢,1
凵,1
歺,1
북,1
轇,1
轕,1
溓,1
鑕,1
䯁,1
癪,1
囏,1
㦤,1
𢕌,1
虘,1
弐,1
柣,1
郔,1
臁,1
䓛,1
鍝,1
锱,1
訧,1
傔,1
褷,1
䶎,1
봉,1
湻,1
凊,1
鞲,1
尠,1
鷤,1
呿,1
喏,1
贜,1
ｄ,1
蚦,1
蜦,1
癉,1
麰,1
鸑,1
踳,1
勑,1
엔,1
많,1
새,1
재,1
웬,1
갠,1
섣,1
꽃,1
듯,1
든,1
셨,1
못,1
까,1
열,1
괴,1
머,1
게,1
눈,1
비,1
억,1
질,1
氳,1
鱤,1
鱅,1
ǝ,1
ꙅ,1
ꙃ,1
Ꙁ,1
騋,1
䣓,1
爯,1
锊,1
繢,1
梚,1
吺,1
俽,1
霶,1
ⱌ,1
ⱋ,1
騄,1
ʺ,1
ʹ,1
Ꙑ,1
圇,1
嬨,1
燋,1
镟,1
銤,1
锓,1
抜,1
釢,1
鋖,1
瞢,1
蚚,1
錷,1
錵,1
尟,1
𨍭,1
洝,1
墼,1
賕,1
櫼,1
踫,1
囁,1
ᗺ,1
ᗷ,1
臽,1
𧶠,1
嬬,1
螄,1
惈,1
鏄,1
핀,1
플,1
럭,1
輥,1
鉋,1
菶,1
躗,1
螘,1
矞,1
偒,1
涘,1
鳓,1
塮,1
ᮏ,1
ᮝ,1
磑,1
楜,1
鴫,1
贐,1
岒,1
続,1
缷,1
螬,1
彄,1
硿,1
ਚ,1
ਡ,1
ਗ,1
ੜ,1
영,1
복,1
용,1
형,1
근,1
운,1
曮,1
疁,1
堄,1
済,1
雚,1
簞,1
ڤ,1
緁,1
姱,1
镪,1
椬,1
鷧,1
坰,1
𦙍,1
魤,1
ぱ,1
僎,1
鋩,1
廃,1
枒,1
ᥬ,1
ᥳ,1
ᥑ,1
ᥨ,1
ᥒ,1
ᦎ,1
ᦆ,1
ᦳ,1
ᧂ,1
ꓠ,1
ꓟ,1
ꓡ,1
ꓢ,1
ꓚ,1
ꓸ,1
ꓛ,1
ꓬ,1
ꓗ,1
ꓪ,1
ꓼ,1
ꓝ,1
ꉼ,1
ꉸ,1
ꉳ,1
ꊨ,1
ꏦ,1
ꍓ,1
硪,1
瑲,1
虩,1
徫,1
仱,1
ｃ,1
揬,1
澓,1
䘵,1
沺,1
瘥,1
砗,1
钔,1
鎄,1
釾,1
釖,1
鋀,1
弜,1
鎃,1
蹧,1
茺,1
嚡,1
嶢,1
捿,1
嗳,1
腘,1
笾,1
畽,1
轢,1
碄,1
Ӕ,1
膕,1
玜,1
宂,1
酀,1
刜,1
蠺,1
尞,1
위,1
생,1
법,1
혐,1
렁,1
揜,1
졸,1
輭,1
擤,1
𐐷,1
櫌,1
歂,1
儍,1
魕,1
齲,1
醘,1
嘨,1
채,1
헌,1
파,1
鱁,1
魥,1
㰖,1
硾,1
踨,1
穵,1
砳,1
嵎,1
涐,1
馪,1
戹,1
腲,1
脮,1
頞,1
尓,1
廒,1
巛,1
䘰,1
檑,1
踈,1
嗫,1
旮,1
艶,1
祬,1
ἶ,1
歯,1
㷇,1
醊,1
稂,1
襉,1
㯋,1
曣,1
昳,1
箙,1
ᠴ,1
ᠵ,1
줏,1
참,1
슬,1
ẞ,1
𦙶,1
濇,1
Ş,1
릿,1
絰,1
𠹌,1
ཀ,1
鎴,1
銧,1
覌,1
槾,1
庪,1
轓,1
怤,1
烇,1
奣,1
暭,1
斮,1
赥,1
姰,1
荅,1
㐌,1
冦,1
𬭸,1
鏻,1
嬇,1
癤,1
迮,1
蟈,1
입,1
독,1
업,1
무,1
姺,1
𧒽,1
狃,1
僙,1
鉷,1
牅,1
汸,1
儤,1
淰,1
咟,1
銾,1
瀼,1
鏳,1
酖,1
啒,1
ヂ,1
蝯,1
玃,1
麔,1
麚,1
贙,1
豦,1
觾,1
掔,1
狟,1
睃,1
阽,1
脺,1
芼,1
柈,1
菺,1
疐,1
漹,1
麛,1
樠,1
淢,1
颟,1
秳,1
鵒,1
鴲,1
厏,1
𥪰,1
𢫾,1
抅,1
賔,1
𦀸,1
䰟,1
俻,1
餧,1
飰,1
㩲,1
媢,1
颡,1
鱏,1
Œ,1
垈,1
鯝,1
ḵ,1
耪,1
鷃,1
嚱,1
雊,1
藂,1
罇,1
崒,1
嵂,1
躔,1
欻,1
𩖃,1
嶆,1
嶍,1
迻,1
禚,1
蝃,1
樍,1
滶,1
刦,1
窭,1
眚,1
瘅,1
滽,1
戗,1
戋,1
彚,1
鐱,1
죠,1
窓,1
గ,1
ర,1
薿,1
剺,1
䞀,1
椥,1
𤅶,1
𣴓,1
脒,1
礇,1
Ţ,1
掻,1
袿,1
褾,1
裲,1
繍,1
錆,1
ڈ,1
詥,1
酔,1
痩,1
𪄳,1
鷎,1
阍,1
𓇋,1
𓄿,1
𓅱,1
椛,1
疢,1
啗,1
鷜,1
漎,1
厍,1
珌,1
乽,1
渓,1
숙,1
잉,1
세,1
밀,1
난,1
耉,1
褟,1
목,1
㼅,1
ܡ,1
ܣ,1
ܩ,1
奨,1
踲,1
墕,1
蒚,1
繵,1
縺,1
ɸ,1
ゎ,1
灧,1
跰,1
幙,1
蠏,1
거,1
겁,1
니,1
鵵,1
湞,1
筶,1
烞,1
熚,1
啚,1
鼥,1
鋡,1
鴳,1
頯,1
蚿,1
鵷,1
痀,1
倕,1
伃,1
揵,1
憼,1
擪,1
槅,1
煻,1
搴,1
詨,1
藇,1
沶,1
嵻,1
絭,1
眀,1
跬,1
騘,1
臙,1
𬟏,1
旹,1
𣅠,1
𧗞,1
枆,1
颩,1
崬,1
ฉ,1
竻,1
𥧌,1
䨇,1
脋,1
屨,1
堩,1
棯,1
䇿,1
墺,1
隂,1
囙,1
㦲,1
锽,1
崦,1
浟,1
湝,1
颕,1
赯,1
盭,1
黓,1
黕,1
黢,1
黭,1
黮,1
皫,1
鋕,1
澯,1
檽,1
葟,1
罠,1
瞤,1
冖,1
𠫓,1
丅,1
丩,1
𡿨,1
屮,1
𡰣,1
卩,1
衺,1
ʮ,1
ʯ,1
𠀀,1
ㆮ,1
𠀤,1
ㆯ,1
𢎘,1
𡯁,1
厷,1
擐,1
諢,1
骟,1
麭,1
ठ,1
𢄙,1
俧,1
𠼞,1
稐,1
ḃ,1
ḋ,1
ḟ,1
ṁ,1
ṗ,1
ṡ,1
ṫ,1
覑,1
𤔡,1
餶,1
飿,1
瘘,1
불,1
멸,1
瘜,1
㳄,1
貰,1
埰,1
𢶍,1
峧,1
婞,1
閙,1
崟,1
鵀,1
鶝,1
敫,1
鮐,1
夆,1
鏭,1
璒,1
镦,1
梮,1
巓,1
ﭼ,1
ﯩ,1
ﻐ,1
ﻪ,1
鲗,1
䔖,1
杇,1
櫞,1
盦,1
冫,1
鬭,1
坈,1
猋,1
ℏ,1
诖,1
ԟ,1
ǭ,1
懨,1
垪,1
哱,1
愦,1
ֆ,1
և,1
Ե,1
Վ,1
Ո,1
擭,1
寉,1
睟,1
帟,1
裯,1
䅲,1
𪱣,1
宭,1
ヰ,1
ヱ,1
眧,1
洈,1
铦,1
獮,1
椑,1
貙,1
禇,1
劗,1
媸,1
铔,1
肫,1
厐,1
鋍,1
噥,1
呒,1
栫,1
ۆ,1
ێ,1
倽,1
牤,1
虼,1
蟉,1
蚼,1
穐,1
躓,1
醻,1
蹷,1
焄,1
膰,1
褅,1
宼,1
熛,1
棖,1
칠,1
현,1
타,1
물,1
애,1
녀,1
노,1
唷,1
笵,1
崄,1
Ƶ,1
ƶ,1
歈,1
尃,1
㕑,1
墱,1
涒,1
倿,1
髤,1
崍,1
頪,1
ʙ,1
Ɩ,1
ɩ,1
輨,1
鉦,1
ὤ,1
ወ,1
ጥ,1
ꨝ,1
ꨈ,1
ꩉ,1
䏭,1
灩,1
骍,1
ㅇ,1
沲,1
Ý,1
偫,1
糇,1
煹,1
蔇,1
糎,1
弉,1
敾,1
搋,1
棊,1
㜑,1
窂,1
銭,1
祲,1
髨,1
拀,1
루,1
야,1
趫,1
谹,1
禃,1
䦕,1
肎,1
蹌,1
荍,1
ҹ,1
䦧,1
閰,1
贋,1
覼,1
髷,1
筩,1
鶲,1
鴝,1
寙,1
敩,1
粺,1
穬,1
僩,1
梜,1
ɖ,1
ᾍ,1
蓶,1
墦,1
磿,1
跦,1
揫,1
硩,1
筳,1
憘,1
﨑,1
潵,1
垾,1
ܟ,1
ܨ,1
鯈,1
祾,1
觏,1
ῦ,1
鯭,1
帋,1
踭,1
ὄ,1
諻,1
咑,1
甁,1
枌,1
訏,1
凾,1
鉌,1
稸,1
금,1
ᠨ,1
ᠬ,1
ᠭ,1
絯,1
ະ,1
ຄ,1
ອ,1
ຫ,1
ລ,1
ງ,1
ฑ,1
饎,1
瀶,1
鯔,1
喎,1
剐,1
諩,1
髼,1
陑,1
洅,1
盠,1
虣,1
剕,1
𡥵,1
絎,1
胻,1
钲,1
綕,1
ถ,1
ๆ,1
雔,1
ཏ,1
诶,1
甤,1
琱,1
嶶,1
睠,1
僾,1
髣,1
髴,1
ゝ,1
忪,1
佷,1
𢧤,1
銕,1
駉,1
弍,1
鶡,1
鱄,1
灊,1
熷,1
謡,1
ὀ,1
氱,1
鈊,1
瑂,1
朙,1
ἠ,1
栟,1
耥,1
甎,1
ḱ,1
縢,1
灈,1
鮦,1
帊,1
縔,1
俜,1
岣,1
嵝,1
颮,1
𪕨,1
俌,1
焮,1
扌,1
旟,1
肈,1
달,1
ㅅ,1
ㅂ,1
축,1
ㄳ,1
감,1
ㅁ,1
친,1
錙,1
ᥭ,1
顸,1
剸,1
獍,1
曨,1
ᦑ,1
ᦟ,1
ᦹ,1
裰,1
纊,1
壒,1
麃,1
茝,1
烕,1
橑,1
腄,1
豭,1
হ,1
ঙ,1
騟,1
𡩜,1
憇,1
𩀱,1
鎻,1
𢫆,1
䗧,1
㟖,1
粞,1
槚,1
奰,1
磵,1
虌,1
馝,1
瘆,1
𩷶,1
飶,1
蓂,1
炰,1
臇,1
蹯,1
椌,1
醩,1
醭,1
㚇,1
褁,1
Ô,1
茼,1
飵,1
饳,1
만,1
𫒢,1
荗,1
怑,1
脞,1
俇,1
魮,1
鲪,1
黶,1
芺,1
躂,1
俔,1
朂,1
駔,1
匵,1
ȁ,1
邆,1
𠴟,1
睒,1
鑴,1
炲,1
偱,1
𤘣,1
嗂,1
剣,1
ہ,1
鶆,1
䴈,1
刌,1
縁,1
鬈,1
鬕,1
獛,1
麄,1
劙,1
Ｚ,1
ז,1
鏍,1
颋,1
汋,1
巪,1
작,1
䚡,1
喨,1
Ｉ,1
钅,1
㺄,1
樏,1
餟,1
朌,1
鍌,1
ὺ,1
葝,1
蟫,1
埻,1
韈,1
乁,1
𠃉,1
𠃊,1
乚,1
𠔻,1
䨻,1
咊,1
秌,1
甛,1
幇,1
鮃,1
鳎,1
苰,1
鲀,1
鲐,1
鲞,1
銎,1
𢀛,1
霡,1
犇,1
歭,1
𠼤,1
鲮,1
齜,1
壏,1
𪇼,1
繶,1
庢,1
晬,1
荄,1
緤,1
艹,1
惙,1
鷽,1
鳑,1
鮍,1
ҧ,1
ე,1
ო,1
熖,1
爊,1
浭,1
谂,1
희,1
堎,1
燝,1
棢,1
馊,1
ס,1
코,1
碯,1
萳,1
墠,1
ἷ,1
笊,1
嫑,1
孬,1
鮌,1
朘,1
ۋ,1
撸,1
竸,1
鎷,1
ǵ,1
羇,1
硷,1
棓,1
爟,1
繙,1
㥽,1
麕,1
襘,1
鑚,1
ғ,1
ぷ,1
ぺ,1
輙,1
冓,1
刱,1
嵿,1
顚,1
娬,1
拕,1
纑,1
懻,1
懁,1
跕,1
揳,1
栺,1
塰,1
穚,1
礤,1
罎,1
夂,1
龰,1
𢦏,1
荝,1
挍,1
𫲨,1
鱆,1
虖,1
煠,1
烚,1
豘,1
𫵾,1
夘,1
蠋,1
龘,1
俆,1
鴮,1
鸅,1
笯,1
嘰,1
鵃,1
鵂,1
鶹,1
蟁,1
Ἄ,1
Ἅ,1
Ἕ,1
ὐ,1
鬶,1
洴,1
籖,1
鮋,1
賫,1
鮚,1
攟,1
ᴀ,1
槜,1
洢,1
鳣,1
禝,1
碊,1
戓,1
छ,1
粜,1
茑,1
墒,1
敤,1
嚚,1
屚,1
篸,1
彡,1
焠,1
臿,1
胈,1
帱,1
丳,1
靉,1
초,1
铘,1
囇,1
㵼,1
ϐ,1
Ꞓ,1
逎,1
砊,1
韲,1
緉,1
煪,1
澾,1
晡,1
艫,1
罣,1
芿,1
蒒,1
ϝ,1
Ͷ,1
ͷ,1
棌,1
欶,1
嘒,1
嗖,1
㛄,1
焌,1
鷰,1
菂,1
莛,1
㐲,1
嬡,1
蟴,1
蟧,1
䴕,1
鵆,1
雃,1
ᾶ,1
竒,1
鲃,1
罥,1
慪,1
抷,1
䰖,1
縧,1
裀,1
鴰,1
皐,1
茇,1
糨,1
睎,1
臈,1
唖,1
薴,1
犎,1
晘,1
啇,1
垍,1
溦,1
馲,1
鉰,1
焑,1
㷍,1
菕,1
곽,1
상,1
ȟ,1
眗,1
渘,1
紕,1
婏,1
ⱪ,1
㘵,1
Ἑ,1
聦,1
㠜,1
黙,1
懬,1
櫬,1
愠,1
謏,1
尭,1
梈,1
ຊ,1
າ,1
蔪,1
麤,1
ཐ,1
𓏺,1
𓈖,1
𓆎,1
𓅓,1
𓏏,1
𓊖,1
犟,1
勍,1
搫,1
裇,1
剀,1
掦,1
睸,1
飜,1
扢,1
珤,1
韴,1
滠,1
玶,1
矱,1
𦀚,1
蕝,1
浧,1
양,1
穪,1
臛,1
獞,1
腢,1
煺,1
璂,1
璔,1
潋,1
箯,1
滪,1
甃,1
絙,1
営,1
岉,1
馣,1
兪,1
揔,1
ㆍ,1
鰶,1
ɒ,1
ѐ,1
𒅖,1
𒊏,1
𒅋,1
𐎊,1
𐎌,1
𐎗,1
𐎛,1
𐎍,1
唿,1
剄,1
鬰,1
È,1
汯,1
呄,1
䫆,1
绨,1
筥,1
蕘,1
欑,1
朾,1
躒,1
郹,1
鞌,1
杕,1
倄,1
湭,1
洰,1
崋,1
ञ,1
Â,1
𩫻,1
𩫵,1
鷯,1
岧,1
鳊,1
塝,1
荂,1
ℕ,1
ℤ,1
ℚ,1
浰,1
跼,1
蹐,1
鯿,1
瀁,1
鶱,1
ܓ,1
胷,1
譧,1
ⲫ,1
ⲓ,1
ⲁ,1
ⲣ,1
ⲟ,1
檛,1
鷁,1
黁,1
ử,1
辧,1
𥤱,1
莸,1
鶠,1
鶤,1
骿,1
鷩,1
犩,1
鎕,1
郻,1
瓴,1
Ὅ,1
隖,1
Ğ,1
棃,1
飳,1
蓒,1
芁,1
泇,1
蘥,1
斁,1
禼,1
醵,1
ⵜ,1
ⵏ,1
ⵙ,1
椟,1
饊,1
箤,1
簀,1
俋,1
扜,1
ẕ,1
儈,1
萻,1
昝,1
搨,1
명,1
盻,1
辿,1
鰧,1
漅,1
鵭,1
绡,1
簹,1
圧,1
渶,1
姃,1
䝉,1
ῑ,1
ਸ,1
ਘ,1
怚,1
繾,1
綣,1
敧,1
躶,1
焝,1
鸂,1
鶒,1
𪩘,1
僝,1
僽,1
ᶰ,1
跐,1
餠,1
囦,1
㛧,1
跁,1
ပ,1
တ,1
藘,1
驫,1
呉,1
踿,1
毹,1
堭,1
각,1
薗,1
琩,1
祊,1
ऑ,1
蘵,1
筫,1
ῇ,1
礭,1
稊,1
狔,1
湩,1
賻,1
𣸵,1
霙,1
漋,1
Õ,1
慙,1
척,1
嚓,1
琲,1
収,1
貎,1
塅,1
擙,1
瀡,1
ɫ,1
媠,1
尐,1
硠,1
緺,1
夑,1
ṓ,1
渻,1
橥,1
胲,1
癛,1
筭,1
掎,1
乢,1
囲,1
楎,1
燆,1
狕,1
猼,1
訑,1
권,1
류,1
홍,1
哶,1
搤,1
闤,1
闠,1
馞,1
挐,1
滫,1
ℵ,1
舣,1
蒄,1
褵,1
忬,1
恉,1
槢,1
樿,1
誎,1
鬿,1
仉,1
㕭,1
拻,1
ﻭ,1
ﻱ,1
ཟ,1
ཛ,1
旤,1
灋,1
𧦴,1
𣏌,1
𧙈,1
𦈡,1
乣,1
菫,1
礶,1
镔,1
牗,1
㮚,1
缧,1
绁,1
籒,1
袌,1
潕,1
炻,1
Ն,1
Շ,1
廧,1
髾,1
ḏ,1
鍒,1
顅,1
鐈,1
哃,1
潖,1
覙,1
輈,1
橓,1
鼔,1
鼙,1
曋,1
唅,1
躥,1
咾,1
鮰,1
陴,1
稌,1
閠,1
暆,1
硭,1
酴,1
敻,1
蛱,1
轣,1
涴,1
䗁,1
蝒,1
螿,1
蜋,1
蟪,1
蛦,1
蛁,1
蟟,1
螇,1
螰,1
Ϛ,1
Ͱ,1
裭,1
泲,1
Բ,1
痆,1
牸,1
癀,1
綀,1
脎,1
滛,1
僓,1
昢,1
𑖦,1
𑖗,1
𑖕,1
𑖫,1
𑖨,1
繸,1
摐,1
𠟭,1
𠀠,1
𢆶,1
辥,1
邅,1
迍,1
鄨,1
ｆ,1
緾,1
氝,1
氞,1
砢,1
碜,1
劘,1
晣,1
茷,1
湨,1
慭,1
柎,1
𫓧,1
ญ,1
螾,1
䆁,1
箠,1
爕,1
蔕,1
悊,1
摉,1
髆,1
螶,1
𧎾,1
ἢ,1
龀,1
垚,1
棆,1
𨥤,1
珔,1
詅,1
ↄ,1
釺,1
蓺,1
靁,1
鰌,1
蜄,1
苶,1
阫,1
飤,1
煡,1
통,1
畟,1
刲,1
壱,1
ט,1
糢,1
陹,1
